t_tracker,pix_x,pix_y,zeitstempel,blick_l_x,blick_l_y,blick_r_x,blick_r_y
7136700094.0,7.30372242669,0.0,7136702924,637.299940106,483.520234699,620.7144535809999,482.28912879999996
7136715096,13.9107001908,0,7136718927,635.989907128,483.227293261,620.8886308159999,488.826120474
7136733108,21.2044438872,0,7136734931,636.713163858,486.35346206699995,620.1143490540001,498.75452818
7136751128,28.524185473,0,7136754935,638.915118209,486.934434924,620.0258278690001,494.35618671599997
7136766130,36.1428325544,0,7136766938,638.388941525,482.398137268,619.723269007,486.707088271
7136784150,43.1410434568,0,7136786942,641.198546844,482.42621582,621.178047099,484.889761931
7136799150,50.7788024989,0,7136802943,644.324611519,491.44442550199994,625.408438603,483.78095906
7136817172,57.7053435386,0,7136818944,646.644275451,495.331629599,627.801218769,479.411347959
7136832200,65.3401514707,0,7136834945,646.119432093,492.284662241,625.395956178,470.85654139900004
7136850208,72.3299306251,0,7136850946,643.803792728,486.14520134800006,620.9769867269999,466.00053952900004
7136865195,79.9723271313,0,7136866947,640.570750013,481.29603944699994,620.642972541,472.470749104
7136883214,86.9779860794,0,7136886945,641.536324372,477.570180269,622.580404232,480.105914444
7136898219,94.5860934735,0,7136898943,643.424749777,477.343830141,623.9295064080001,482.7807193
7136916242,101.51797462,0,7136918940,647.727608701,474.495332824,626.2317505240001,489.331488588
7136934234,109.160652186,0,7136934937,755.246339918,475.825092157,730.008999781,493.957004361
7136949249,116.143826468,0,7136950935,760.583527091,486.10874791699996,741.437202257,491.50326172300004
7136967268,123.760225082,0,7136970932,768.28708587,493.137458813,750.074270908,490.792364257
7136982276,130.713326131,0,7136982930,771.636239188,494.81108407,753.3667196680001,490.634771282
7137000293,138.036159359,0,7137002926,777.660134211,487.901566596,764.388466536,488.945785786
7137015288,145.336367395,0,7137018923,783.954715787,481.981786154,767.8818348839999,484.598542627
7137033303,152.610155954,0,7137034919,789.013460161,485.48131674300004,771.31318273,488.5821627
7137051340,159.915001451,0,7137054915,799.200256675,491.615537266,775.603660669,494.35728930199997
7137066328,167.593795006,0,7137066912,802.744892048,492.965615464,782.7456350819999,493.97988529599996
7137084353,174.52792462,0,7137086905,816.293446394,492.089254102,791.888417351,489.67293353400004
7137099350,182.18086081,0,7137102898,819.017738059,489.823614575,796.684796233,491.93877321800005
7137117368,189.113725662,0,7137118892,822.403400935,487.264331316,799.957104354,493.413123313
7137132383,196.454265562,0,7137134886,827.597182307,489.602962315,806.1122879119999,491.853247423
7137150390,203.724259834,0,7137150879,838.260217392,496.940799921,814.631315978,491.60419602400003
7137167377,211.359770411,0,7137170871,851.62471141,497.906037771,826.9311808880001,492.19765222800004
7137182401,218.339009878,0,7137182866,856.229820885,495.57686905800006,830.640373503,488.173923295
7137200412,225.984638555,0,7137202859,864.085671041,488.022262189,841.3554888589999,483.964098943
7137215423,232.923967746,0,7137218854,868.037819402,485.00089925599997,847.3337669939999,485.969984315
7137233431,240.557932505,0,7137234849,876.943175213,483.51249632300005,854.7105654630001,480.51438560699995
7137251445,247.546868482,0,7137254842,883.351691968,492.02350639400004,862.434617667,481.554766421
7137266452,255.168888262,0,7137266838,885.561822677,495.91276362199994,866.847816718,480.26730975
7137284470,262.150797785,0,7137286835,894.86568108,498.504892083,871.841626086,487.367684895
7137299476,269.766915342,0,7137302832,900.837241573,495.84663767800004,876.452653888,487.11325629699996
7137317488,276.721562211,0,7137318830,905.010864643,495.37052456199996,881.595718489,486.129517985
7137332501,284.375201046,0,7137334827,909.075103324,494.62645257800006,891.20753396,485.411828936
7137350511,291.340668659,0,7137350825,915.994064033,493.723290146,895.601542953,489.117896761
7137365520,299.010749406,0,7137366822,923.027777177,495.791880021,903.181547135,491.092291886
7137383537,305.952327065,0,7137386819,930.456881548,500.496923037,909.6511038010001,488.68259583400004
7137398544,313.568866207,0,7137398818,934.268017352,503.49534750099997,915.592591823,484.52615546699997
7137416559,320.52899371,0,7137418815,939.100160784,501.84664254800003,920.8671573339999,485.51899416099997
7137431570,328.179119319,0,7137434813,945.760176343,505.449985159,929.950958704,489.818021866
7137449574,335.134047248,0,7137450811,952.325467416,504.165105215,934.0903690069999,491.679849874
7137464585,342.766325655,0,7137466809,975.926380951,504.08113027900004,957.5333483989999,495.111290586
7137482598,349.750062055,0,7137482806,1021.44344735,503.66371997199997,1004.08454511,495.43330577800003
7137500606,357.391615387,0,7137502802,1030.9023494,507.60154167300004,1017.73993199,494.324827735
7137515620,364.329679816,0,7137518799,1039.80407721,509.391767685,1024.28176371,494.28718937800005
7137533628,371.648999817,0,7137534796,1047.01563131,508.984671587,1031.16742868,494.271731941
7137548645,378.929674301,0,7137550793,1055.77833448,507.55395865699995,1039.18420039,495.429881542
7137566651,386.571649219,0,7137566790,1065.01606585,503.302746679,1047.55254891,492.65702508199996
7137581662,393.560304139,0,7137582787,1071.26880284,502.13621140099997,1050.3642661000001,491.641547269
7137599676,400.827487829,0,7137602783,1077.07822807,505.225725744,1058.12153329,493.05361179
7137617688,408.171962545,0,7137618782,1082.04989853,507.86478211599996,1063.14879784,493.873203532
7137632695,415.773886656,0,7137634782,1090.35898038,506.491044625,1069.28778138,490.738087249
7137650714,422.736122099,0,7137650782,1094.39857464,505.97915900199996,1072.76822384,487.76283740800005
7137665717,430.370086857,0,7137666781,1101.63759861,505.810269357,1080.22071904,486.72593069199996
7137683737,437.357617543,0,7137686785,1106.44560419,504.33484442800005,1089.88466507,489.299041224
7137698801,431.331584945,0,7137702789,1114.75432667,502.902857266,1089.73058358,489.484254384
7137716754,424.038965483,0,7137718792,1120.22890485,503.639413629,1094.72468055,488.95014721
7137731851,416.735525276,0,7137734796,1127.37473761,502.593430147,1100.46820937,486.48326803
7137749774,409.442484225,0,7137750800,1134.25122814,505.07682493,1106.99052882,488.110868013
7137764784,402.124428987,0,7137766803,1137.81192117,508.75182116800005,1112.55554728,488.57959372
7137782812,395.18439715,0,7137786808,1143.51110582,510.650206757,1117.00900708,494.47572792
7137797814,387.53609842,0,7137798811,1149.09638887,508.48901244900003,1119.38722894,494.35455038
7137815826,380.577657265,0,7137818811,1158.04302018,506.65044421199997,1125.98682219,490.45468629199996
7137833829,372.934979702,0,7137834809,1159.74929927,507.373727579,1137.13038202,485.370932607
7137848839,365.943795253,0,7137850806,1158.23498246,510.98931935,1144.88902404,480.8156311000001
7137866850,358.340465852,0,7137870803,1158.26576029,511.466032977,1150.33356477,479.24777062
7137881864,351.356869981,0,7137882801,1159.72365792,507.664232762,1150.73705979,478.13533238699995
7137899881,343.740611896,0,7137902796,1164.07774091,499.333084809,1151.71079906,478.95261592800006
7137917895,336.773457932,0,7137918793,1169.65590906,497.826760981,1148.43523551,480.00422369800003
7137932893,329.132747777,0,7137934789,1171.25454443,501.14184455,1146.55719377,490.024493936
7137950906,322.174025564,0,7137954785,1167.33177036,503.92859312900003,1137.82073193,498.66433294800004
7137965919,314.527553714,0,7137966782,1085.10271019,502.412353201,1069.52320232,497.557840556
7137983943,307.574874253,0,7137986778,1010.56828104,488.641451164,985.764295122,487.195118459
7137998936,299.91716007,0,7138002774,1000.14064297,481.892858653,974.302481254,485.44253606800004
7138016952,292.943541767,0,7138018773,987.879547404,480.516863519,966.21287901,487.33367414699995
7138031968,285.314917118,0,7138034773,979.910585689,479.82073538300006,961.958195684,483.86167173900003
7138049973,278.375306869,0,7138050774,974.040842154,477.07341621800003,962.454145427,476.85171222800005
7138067995,270.724338083,0,7138070774,971.449290964,475.616451436,965.320192075,467.79075426400004
7138082995,263.424411107,0,7138086777,968.659162468,477.87049245099996,966.117520732,460.36603767099996
7138098008,256.124765187,0,7138098779,965.850303794,479.446726923,965.016390117,456.529816395
7138116023,249.177706893,0,7138118783,960.755280097,481.45570968699997,956.194866355,455.42559863
7138131026,241.536294089,0,7138134786,953.796391267,482.515092291,943.351222069,461.26950769800004
7138149037,234.571107536,0,7138150789,933.715726882,484.26913232699997,920.1580854560001,469.328199811
7138167049,226.901729435,0,7138170792,874.979949385,483.601153619,845.271146823,481.32054533
7138182066,219.952844262,0,7138182794,868.852276624,485.504477065,843.208023874,486.482960431
7138200077,212.320846911,0,7138202798,858.601033143,487.658464154,837.32354598,478.736149585
7138215082,205.36352999,0,7138218801,848.881290593,492.887007237,829.0292200189999,479.909656088
7138233092,197.726333065,0,7138234803,841.273092448,493.52480221400003,822.039152457,481.187774488
7138251119,190.76747032,0,7138254807,832.574964279,494.16498559,815.7414093369999,490.06568536099996
7138266114,183.114112542,0,7138266809,827.123620935,498.25377816900004,808.321512085,491.231355619
7138284148,176.151877099,0,7138286806,819.357980202,503.273455205,798.8469527789999,490.749487115
7138299137,168.521144514,0,7138302803,811.127745131,499.51384975400003,789.760930509,489.106469792
7138317158,161.563827589,0,7138318800,804.561103601,496.255468165,785.947620558,487.49999252099997
7138332164,153.925646959,0,7138334797,799.192714035,495.69996663300003,780.380934505,490.18267179
7138350180,146.970719033,0,7138350793,798.076900544,501.98410515,780.50910858,493.638795885
7138365180,139.2756241,0,7138366790,802.749742655,505.832630169,781.9020880180001,496.783336697
7138383216,132.36201174,0,7138386786,803.975355036,500.669762926,786.070770955,494.48792358599997
7138398215,124.723409521,0,7138398784,801.739951045,498.46462454,784.5107620539999,490.650041241
7138416232,117.761876724,0,7138418780,791.101264278,501.40735798599997,772.3769369360001,487.96765560800003
7138431229,110.10275725,0,7138434778,784.222725551,504.024400844,761.406991062,487.74746408699997
7138449251,103.145440329,0,7138450777,776.705016664,504.117077736,754.299872289,489.827050785
7138464254,95.5242637258,0,7138466775,772.372865678,501.57311713800004,749.677941718,489.774274471
7138482275,88.5507859504,0,7138482777,766.817424705,500.57004367300004,744.6203915839999,491.094463409
7138500299,80.8941960014,0,7138502780,760.106964199,496.93556002400004,739.1356541660001,492.68621016199995
7138515304,73.9554289266,0,7138518783,753.115911148,491.890949475,735.2209506539999,493.013504795
7138533296,66.3148592997,0,7138534786,745.725492903,484.922791706,728.05176203,494.447145169
7138548329,59.3492511585,0,7138550789,721.292002188,483.917694718,706.21075677,493.852498804
7138566318,51.7114921165,0,7138566792,710.362239319,482.130045741,700.2586073269999,489.3501365
7138584339,44.7502403761,0,7138586795,698.126072464,486.251591113,691.149960511,476.123181441
7138599338,37.1091086323,0,7138602798,690.345388443,489.286864682,681.931257986,473.01944128800005
7138617351,30.1460300158,0,7138618801,686.240123845,492.200688295,672.011169275,475.28376652300005
7138632377,22.5054603889,0,7138634803,682.039867713,497.485557619,665.794386627,480.764503345
7138650375,15.5551699245,0,7138650804,675.827896242,503.92557298599996,660.828346098,483.267672295
7138665382,7.91431924074,0,7138666806,670.178794716,504.892586475,653.812425987,487.502644604
7138683396,0.945478929445,0,7138686804,663.723395657,499.04009708300003,646.986528124,488.336548032
7138698411,-6.71560795525,0,7138698802,658.472806295,493.84323252800004,640.397858105,489.745838535
7138716456,-13.6473485728,0,7138718800,649.412867949,490.05249981099996,631.3335279959999,491.861860078
7138731427,-21.2867939658,0,7138734798,637.583355432,489.132895701,622.8068550280001,491.787112234
7138749437,-28.2636444397,0,7138750796,627.087099914,488.162379161,614.89216608,489.330184939
7138764460,-35.8843994542,0,7138766794,621.073477741,485.832191304,609.569243279,487.486336506
7138782468,-42.8515534178,0,7138782792,614.743498624,487.450917722,603.758713714,486.74412003699996
7138797472,-50.4900151085,0,7138798790,607.916639643,488.13688203699996,598.339589617,486.71491186599997
7138815484,-57.4722056888,0,7138818787,601.276929156,488.10514518699995,591.559541234,484.666650768
7138833494,-65.0894474762,0,7138834785,598.80478904,493.51950607599997,580.5899068690001,488.177087605
7138848514,-72.0561798513,0,7138850783,589.124174791,496.39324673199997,574.812909611,489.954948206
7138866519,-79.7300548849,0,7138866781,582.361707193,497.613418989,571.7752500380001,492.394130127
7138883541,-86.661092857,0,7138886782,577.79920366,493.600797845,565.794837419,496.762205065
7138898545,-94.3158559268,0,7138898783,573.091431583,497.166780268,560.31472416,499.916049378
7138916564,-101.275561845,0,7138918784,567.344453627,503.50109207,549.471012092,502.410644677
7138931568,-108.927373804,0,7138934785,562.833830806,500.24969219800005,545.9495323030001,500.083491607
7138949574,-115.873167336,0,7138950786,561.96898367,499.585052604,539.681234085,498.43199313300005
7138964602,-123.506148389,0,7138966787,555.232003311,501.60462775199994,531.229269264,498.82606041599996
7138982595,-130.464167956,0,7138982788,546.587152267,502.975912124,525.216193592,499.356806642
7138997603,-138.090684669,0,7138998789,516.654418535,496.818048093,509.72071819300004,495.729627451
7139015624,-145.087068692,0,7139018790,508.944461096,487.196404753,495.981862155,492.456896845
7139033625,-152.700516195,0,7139034790,502.025931902,487.66601996,488.507129528,493.55848715400003
7139048647,-159.660081581,0,7139050787,498.037800779,491.566350531,481.95986623199997,495.685403104
7139066647,-167.296013747,0,7139066784,490.49546303,496.91185806199996,477.906357964,496.606259189
7139081662,-174.267664644,0,7139082781,484.865718604,499.243153998,474.904612443,498.922148995
7139099681,-181.903596806,0,7139102778,477.926838199,500.304185328,468.747723929,502.838209699
7139117683,-188.86428643,0,7139118775,475.289394305,502.714717156,460.297946266,506.24508529400003
7139132695,-196.503731823,0,7139134773,472.752699346,507.125965152,454.23645078699997,508.22075326
7139150714,-203.480441765,0,7139150770,469.28968938,511.35830434800005,451.04560628900003,510.22218400300005
7139165714,-211.111314882,0,7139166767,462.809162711,511.409452452,447.792821157,510.012979119
7139183734,-218.069756037,0,7139186764,455.368450961,509.10222090900004,439.160230216,507.21818718099996
7139198762,-225.705688203,0,7139198762,449.421441781,506.08554673199995,434.703792052,504.68417901
7139216748,-232.667361529,0,7139218759,440.646946436,501.818261559,429.00615364,500.522301738
7139231770,-240.308071684,0,7139234756,435.036672488,499.08963706300005,425.030745655,496.228686955
7139249769,-247.60982554,0,7139250761,397.936275958,498.22744677,386.426921817,498.790492835
7139264780,-254.913687335,0,7139266765,379.903537038,497.71139499199995,358.8964748,504.68397276
7139282797,-261.882808706,0,7139286769,363.989208124,500.25409158,350.627856413,506.607446182
7139297802,-269.510871238,0,7139298771,359.872633274,505.49109457,347.652825998,504.12547560300004
7139315820,-276.466361281,0,7139318775,353.864978306,508.250153041,346.03644938199994,505.738648644
7139333823,-284.106790379,0,7139334778,350.166470384,502.86857823400004,344.619833173,503.509504429
7139348841,-291.673863261,0,7139350781,343.342056414,490.33242250800004,341.57953013,502.13960386199994
7139366850,-298.725615771,0,7139370784,336.869702599,481.317044072,334.52803634599996,502.43685999900003
7139381857,-305.692910263,0,7139382786,332.466767162,480.688529478,331.346980372,505.494782151
7139399873,-313.308887288,0,7139402790,324.819172094,487.392152712,324.772244259,509.72054980300004
7139414878,-320.261285688,0,7139418793,320.056304461,493.70111586800004,320.952954543,511.96991832
7139432890,-327.923356275,0,7139434796,317.985256664,499.24802739,316.017926599,512.3386343230001
7139450912,-334.86858769,0,7139454796,316.418940383,504.46826835,310.560446528,513.735032559
7139467886,-342.527847693,0,7139470795,313.094790403,508.68624914300005,306.230842133,513.252399644
7139480924,-349.472798051,0,7139482794,309.987518045,509.23341571300006,303.199264756,512.9270959969999
7139498941,-356.806733082,0,7139502791,303.495589705,508.40346907800006,297.51057329400004,511.44405796300003
7139516960,-364.065485021,0,7139518789,299.319213019,502.296882696,295.877321956,513.009155325
7139531961,-371.712237932,0,7139534787,294.260000585,498.18890958599997,294.051791959,517.139190742
7139549979,-378.667587445,0,7139550785,289.438090599,495.504879891,291.26595098900003,520.736603079
7139564979,-386.307032838,0,7139566783,286.12166275,495.861204069,289.032900288,523.2727476169999
7139583002,-393.275451564,0,7139586781,281.066080382,494.4557738,279.115049967,525.049546748
7139598001,-400.909978436,0,7139598779,278.231454029,491.849897905,271.241435084,522.926799341
7139616031,-407.896525421,0,7139618777,275.517176928,489.5189151000001,264.35314599599997,514.94678039
7139631023,-415.51531303,0,7139634775,272.099991378,491.532080634,261.745372594,512.052792482
7139649052,-422.496800965,0,7139650774,264.536128861,496.267334254,262.414191103,511.301751954
7139664053,-430.124020323,0,7139666774,254.393822295,498.06941683400004,260.373311563,514.601652911
7139682070,-437.092017461,0,7139682774,248.888409686,499.42096364099996,251.258255724,517.820246077
7139700073,-431.56247433,0,7139702774,180.903592696,505.005030591,185.887218287,524.4468724999999
7139715090,-424.639165461,0,7139718775,176.464001772,505.96325818,178.121855847,523.290210042
7139733111,-417.003935944,0,7139734775,166.993148062,505.332957422,169.542309812,521.652149033
7139748120,-410.039873622,0,7139750775,159.186863951,502.71930479099996,162.796815506,522.44367387
7139766110,-402.380613619,0,7139766776,150.760626243,504.50879809800006,157.28560965100002,525.970306713
7139784128,-395.418518705,0,7139786776,148.647691721,507.51774504199994,150.00088417799998,529.9502171419999
7139799155,-387.793547815,0,7139802776,147.416561546,505.35360339199997,143.794277214,527.9753692630001
7139817147,-380.814589405,0,7139818777,144.291814621,501.49049188699996,136.618800595,526.823751775
7139832165,-373.194958621,0,7139834777,139.672805701,497.597741395,133.266089989,523.697900535
7139850167,-366.227383069,0,7139850777,136.696315966,499.660117553,131.05841719100002,524.038133066
7139865178,-358.603395881,0,7139866776,134.980830198,501.93121129699995,130.081013842,528.753638921
7139883189,-351.627669641,0,7139886774,133.492905754,503.51684238300004,131.766103952,534.8380890990001
7139898201,-343.988224248,0,7139898773,132.414835686,503.85455961099996,133.271585566,537.560243511
7139916215,-337.032453146,0,7139918771,131.55210137,502.280782724,134.177383662,537.811898214
7139931221,-329.393288813,0,7139934769,134.320017775,500.842854944,136.09468769999998,535.236150817
7139949240,-322.403790716,0,7139950767,254.033283385,494.463776722,239.03375302,522.096781144
7139964254,-314.774041833,0,7139966765,268.269963524,490.99022638,262.440957243,510.35072464300004
7139982255,-307.825578248,0,7139982764,281.506302398,485.026686746,272.452622994,505.94956289099997
7139997269,-300.189083965,0,7139998762,295.864649541,480.38929594800004,280.629301702,506.19909661800006
7140015280,-293.227129582,0,7140018760,304.618784193,471.57513880199997,286.457491577,502.031769942
7140033290,-285.561967354,0,7140034758,306.913138793,468.29755919400003,285.86958985,497.054129405
7140048303,-278.611395832,0,7140050756,307.581467534,465.552713532,296.164193397,495.39600881900003
7140066310,-270.933164395,0,7140066756,311.92298002,465.01190944800004,312.054669309,495.74889037199995
7140081321,-264.010417642,0,7140082758,323.347752077,466.191953711,316.507066955,495.725569855
7140099336,-256.392473209,0,7140102763,337.644757183,473.21535019699996,331.460986465,497.049017825
7140117344,-249.431643058,0,7140118766,393.632465538,477.345825377,357.525871089,499.536292131
7140132378,-241.788262849,0,7140134769,402.996099287,482.427873093,387.927083156,500.415062219
7140150367,-234.829259577,0,7140150772,414.810639492,487.41882641,402.88777665699996,503.068925875
7140165378,-227.16718899,0,7140166776,422.97402543,493.90048795,413.025633774,503.6430971
7140183398,-220.207483072,0,7140186780,433.338043392,494.853740833,420.14972173800004,499.972352166
7140198401,-212.588554933,0,7140198782,438.306141877,484.95062718099996,425.43053621,495.642504398
7140216412,-205.626038434,0,7140218787,444.109861897,482.603083949,434.326105445,493.97326476
7140231427,-197.990106268,0,7140234790,453.953698582,488.870171774,440.43805709099996,492.86861612
7140249442,-191.028292414,0,7140250793,464.124510949,491.128003011,448.070578493,492.502518325
7140264471,-183.270802539,0,7140266796,471.431131092,496.069022502,454.87263032,495.55103524599997
7140282456,-176.37869114,0,7140282796,476.50299865,497.420589514,460.699482993,504.81555880300004
7140297467,-168.748239612,0,7140298795,481.536816286,493.31543157699997,469.036795762,504.001272676
7140315494,-161.825633388,0,7140318795,478.985285062,488.644270791,467.283499492,496.706317071
7140330489,-154.180847889,0,7140330794,477.090068971,488.214714934,467.012907315,494.234578946
7140348508,-147.221001439,0,7140350794,476.741592458,498.14451652400004,468.685093368,497.04122374300005
7140366510,-139.578745465,0,7140366793,483.125152198,501.747545479,474.37263196699996,502.886072525
7140381523,-132.484553154,0,7140382793,487.945062571,500.12592210599996,477.07736388300003,508.68898167699996
7140399543,-124.955142084,0,7140402792,495.455418697,486.379471562,481.946618395,509.51011444
7140414545,-117.996138811,0,7140414792,499.941519145,481.45801943099997,486.398130555,507.049289738
7140432555,-110.715323795,0,7140434791,508.945359745,480.72581637300004,494.45660135099996,498.352384884
7140450566,-103.411040415,0,7140450790,515.719121779,485.29226119599997,499.793303765,493.570339655
7140465575,-95.7520614693,0,7140466789,524.193110615,486.099370414,506.92681679599997,491.895753052
7140483603,-88.8163860362,0,7140486785,534.689455931,483.360431364,518.562192683,491.159070073
7140498602,-81.1742705869,0,7140498784,541.399704308,483.72041332099997,524.712700484,493.92255089599996
7140516613,-74.214564669,0,7140518781,550.573651544,482.776319833,539.300306048,494.373507282
7140531629,-66.5550236099,0,7140534778,555.319274057,482.833204836,544.363060306,496.52311859400004
7140549638,-59.6120406596,0,7140550776,563.604297536,484.24371975,550.625927853,496.38383821400004
7140564643,-51.9664119833,0,7140566773,572.644462755,490.073790575,560.24810634,495.46178974300005
7140582664,-44.9911073317,0,7140582771,581.515762013,497.012887039,570.27449126,494.80876975
7140597668,-37.3723197218,0,7140598769,591.000578823,499.59498336900003,575.308092707,495.54551100000003
7140615757,-30.4043225844,0,7140618766,597.771125319,494.672610901,585.044387839,495.588339989
7140630692,-22.7724657656,0,7140630764,604.285199673,491.51044976699995,589.1811004140001,494.863326317
7140648704,-15.8089655606,0,7140650761,612.104832943,491.52083731,594.241743874,490.61371022
7140663721,-8.12553454514,0,7140666758,617.408300295,495.245862075,599.505005754,487.48850155599996
7140681723,-1.19716662614,0,7140682757,624.314868238,499.080899584,610.018227628,488.573211335
7140714758.0,6.45872067749,0.0,7140718753,640.357161621,496.15594065,624.641474793,489.720837333
7140732756,21.0317335673,0,7140734752,649.062497878,492.240387701,627.865040566,489.25143365800005
7140747810,28.0127999137,0,7140750750,654.086671192,494.182991932,635.672533013,491.17643514599996
7140765777,35.6400192716,0,7140766748,657.598760979,496.79561698099997,640.970783544,489.373360239
7140783804,42.609140643,0,7140786746,665.719198976,503.58220096300005,647.182713787,485.934449125
7140798826,50.2563151385,0,7140802745,674.813409327,497.410203744,655.985624648,485.879861113
7140816811,57.1960659188,0,7140818743,681.749803015,492.448858331,665.952768852,485.85718859400004
7140831827,64.8314359646,0,7140834742,689.50358684,485.245792629,671.291053945,488.467188815
7140849840,71.8046326799,0,7140850740,695.87420965,485.21404496300005,676.209257631,488.34034312
7140864845,79.4322736263,0,7140866738,704.018385908,488.617442581,683.380332847,486.91701102800005
7140882866,86.397741239,0,7140886741,709.360465902,496.488195958,691.548915677,486.52905390300003
7140897866,94.0366245151,0,7140898742,715.217581374,499.190274954,693.11348716,487.966671594
7140915885,101.017690865,0,7140918745,721.85068109,499.974267669,698.246465093,488.07078875800005
7140930888,108.645050751,0,7140934748,729.579009135,496.344403989,708.2758464,490.30529537
7140948899,115.595481744,0,7140950750,735.987558317,494.06741320099997,716.5878364660001,492.902574702
7140963918,123.242375182,0,7140966753,740.681987929,492.20429309199994,723.805437342,494.989978286
7140981920,130.20362692,0,7140982755,742.026946608,494.800932365,728.946387715,493.53316804800005
7140996932,137.844899192,0,7140998757,756.396423517,497.52849348800004,735.973928468,489.18577496300003
7141014940,144.802356645,0,7141018760,769.509338262,504.352433211,747.952147363,488.139015832
7141032954,152.437867223,0,7141034763,775.772680338,506.048265431,756.611165125,490.899882377
7141047978,159.40909653,0,7141050765,779.457873397,497.763148442,763.731598933,491.779225269
7141065973,167.051352505,0,7141066768,785.682757892,493.269652272,767.58592602,488.9415569
7141080989,174.004313026,0,7141082747,795.032666552,493.16413799300005,770.9771596160001,484.157610174
7141098998,181.641228894,0,7141102712,801.426208931,500.891963514,776.67800761,487.719321589
7141117009,188.597281053,0,7141118685,807.704411991,500.772712691,786.342456233,493.22473981
7141132023,196.262864867,0,7141134657,816.104446812,497.961812439,797.820544401,496.267857361
7141150034,203.194464956,0,7141150629,823.591123584,493.865301807,805.891447885,496.28186941800004
7141165041,210.931999693,0,7141166601,828.24206313,492.093663239,812.511014088,492.24974054300003
7141183053,217.811182412,0,7141186566,834.180670305,494.975803575,823.9141774589999,487.35320726599997
7141198062,225.450206216,0,7141198545,839.251942931,496.4425336,829.670965357,485.990611984
7141216079,232.40232356,0,7141218510,851.171108384,497.112131184,831.672186795,484.204783315
7141231082,240.043876889,0,7141234482,857.374577243,500.148312982,834.226310349,477.886981087
7141249097,246.998804817,0,7141250455,861.077509517,502.517182153,837.4057522439999,479.791429669
7141264119,254.653848944,0,7141266427,867.225275068,500.83346800199996,844.617456145,491.749230641
7141282119,261.600204593,0,7141282428,884.928950267,498.35137236,863.1132055260001,496.99164072300005
7141297132,269.243022688,0,7141298444,901.388861625,497.90201092800004,875.481001495,497.247008335
7141315143,276.212987233,0,7141318464,913.929947796,498.66429149199996,892.362546032,494.651331922
7141330158,283.867890831,0,7141330477,919.45536736,498.871578975,898.38991706,491.269272701
7141348169,290.812981718,0,7141350497,924.255082578,504.135562415,911.991878881,486.63608924199997
7141366183,298.439357902,0,7141366514,928.879087314,505.20234830199996,913.8206812289999,481.835652361
7141381187,305.411008798,0,7141382530,940.327539912,499.019105454,919.5726581260001,479.17876081199995
7141399209,313.053264772,0,7141402550,951.382772695,492.333609264,925.244597751,482.12806542
7141414209,320.015078626,0,7141414563,956.650938314,488.980023496,933.1041268739999,486.447924405
7141432231,327.647497562,0,7141434583,965.700287884,493.396715106,945.0170263560001,487.500186811
7141450237,334.615073114,0,7141450600,971.38173846,496.01313453,953.248294931,488.44478550199995
7141465244,342.251567394,0,7141466616,978.530910724,500.790855926,958.599686201,487.611117515
7141483253,349.210711195,0,7141486622,986.773457559,500.248233344,967.291316103,488.785335486
7141498269,356.849594471,0,7141498624,992.423282737,501.11951751699996,968.612194865,489.85196024699997
7141518247,363.807192453,0,7141518627,999.672342402,499.594791302,970.6884065969999,493.62192769800004
7141531296,371.450713193,0,7141534629,1006.34205705,498.695888959,981.5284641710001,494.423423404
7141549296,378.412105458,0,7141550631,1013.15014967,498.084731616,988.506918575,491.08837333900004
7141564317,386.052675085,0,7141566634,1017.85982058,497.123230472,993.426724282,488.476780982
7141582317,393.026996035,0,7141582636,1026.7918275,494.234545177,996.8954195,486.570725167
7141597335,400.678386406,0,7141598638,1033.41880492,494.135394986,1008.00318629,484.662235126
7141615339,407.613218665,0,7141618641,1038.79107661,497.76767568800005,1014.09441251,484.46254699900004
7141630359,415.257863636,0,7141630643,1041.1003383,498.250979166,1015.90211634,487.221536488
7141648380,422.213634738,0,7141650646,1049.22914442,493.12430547800005,1021.60986596,493.47424294
7141666373,429.850691135,0,7141666648,1055.7090634,489.20111976199996,1032.42822837,491.890427795
7141681397,437.176194419,0,7141682649,1062.79048686,489.509079442,1041.99780613,488.00687744699997
7141699396,431.863909348,0,7141702648,1072.59696784,488.668852466,1050.34304955,486.018605415
7141714408,424.899565969,0,7141714648,1078.21987477,487.775062435,1053.70677137,484.531882199
7141732424,417.567457816,0,7141734648,1088.49181395,490.97854078800003,1063.48064181,482.440426371
7141747432,410.286923857,0,7141750647,1094.96439581,495.475538145,1071.27102507,480.359515167
7141765462,402.661250322,0,7141766647,1098.91946911,497.28140238099996,1077.69299948,481.69952202400003
7141783455,395.698031174,0,7141786646,1102.45834328,488.600674756,1083.9071103,489.34516451
7141798462,388.053807791,0,7141798646,1138.14561085,484.290512685,1111.80215882,490.04348399099996
7141816481,381.088059119,0,7141818646,1146.41928929,484.97172082199995,1129.59698717,483.43932356
7141831499,373.460277647,0,7141834645,1151.35318935,491.281896769,1139.05411079,474.243844926
7141851490,366.502679665,0,7141854645,1154.75005675,498.567809375,1144.82471329,465.28939329599996
7141863515,358.852132468,0,7141866645,1158.89426826,499.68859115699996,1148.48219616,461.903070541
7141881518,351.894675018,0,7141882643,1164.26452653,499.969176651,1151.00820555,460.729441802
7141896530,344.21967575,0,7141898643,1169.37410822,498.382691603,1151.70732712,459.122238607
7141914540,337.290886246,0,7141914643,1174.95006952,496.846708765,1152.65637121,458.59177821199995
7141932551,329.628815659,0,7141934643,1178.16095543,493.780243181,1150.10206934,462.252715836
7141947569,322.692999698,0,7141950643,1177.18412235,489.832703219,1148.79082936,467.81997409
7141965571,315.055100124,0,7141966643,1071.24215442,487.15638295699995,1023.04457793,475.632244049
7141980586,308.092583624,0,7141982643,999.566770583,486.322995555,986.952275464,480.60073075800005
7141998610,300.447376537,0,7141998643,980.118951995,483.980956729,972.7205606089999,483.71525464800004
7142016609,293.484297917,0,7142018643,971.957638902,480.253460403,959.7231726819999,485.955337539
7142031630,285.851176336,0,7142034643,962.80597063,480.40216342300005,942.346103137,487.926925179
7142049629,278.893437826,0,7142050643,955.663996251,483.85171415400004,930.5675101260001,489.104645931
7142064643,271.187381619,0,7142066643,946.210807008,492.46962724,923.0446014,486.65328633800004
7142082658,264.264494335,0,7142086644,936.717465937,497.96609363199997,919.214413098,476.44500382300004
7142097660,256.634885984,0,7142098643,929.671176512,501.01301373800004,918.009340216,476.606850265
7142115680,249.633161852,0,7142118641,922.074375547,500.766307008,914.371404762,477.72751455900004
7142130694,242.040231606,0,7142134638,912.661216779,496.66430387699995,908.443805295,479.832738349
7142148705,235.065910657,0,7142150636,905.875450631,493.039405573,902.3914018080001,477.464605015
7142163722,226.981128401,0,7142166634,897.958694296,493.372567225,889.392962233,480.201263191
7142181716,220.477861147,0,7142182632,879.997882594,501.779185788,855.862979829,481.95256702
7142196734,212.838696814,0,7142198630,832.385269093,501.790057586,822.927350092,488.529992638
7142214743,205.828259873,0,7142218627,823.705460749,495.54261671300003,810.5269332060001,492.806495822
7142229753,198.235329627,0,7142230625,817.264622664,489.176622491,802.5249710730001,498.160658771
7142247776,191.281385404,0,7142250622,808.791010878,484.54949477,790.264265037,499.36118141
7142265775,183.642783185,0,7142266620,804.126089082,485.635475353,783.931653727,498.621682394
7142280788,176.67605081,0,7142282619,800.575437686,488.926465113,780.656005392,496.029036608
7142298801,168.977583178,0,7142302617,794.048843031,493.285356738,778.53613415,490.53444446300006
7142316812,162.066359815,0,7142318616,787.825196919,500.417302921,772.026668006,486.840445795
7142331833,154.412580448,0,7142334614,781.51944708,506.08683045,765.2653493710001,481.74208699300004
7142349828,147.45961993,0,7142350613,776.572101398,505.000807771,757.9223801789999,477.856969752
7142364838,139.669105706,0,7142366611,771.999573648,499.56612690300005,752.5588892330001,482.40949116
7142382853,132.871008303,0,7142386609,765.080337308,490.204578029,745.4089377910001,489.54252977
7142397861,125.19066893,0,7142398608,760.81386418,485.732411621,743.711183142,494.544956502
7142415889,118.274386517,0,7142418606,765.471199484,483.594787732,753.382378489,495.38463767300004
7142430897,110.623558263,0,7142434604,770.517262203,487.787392395,757.766528172,491.91621829300004
7142448899,103.674673089,0,7142450603,769.150557518,496.312216181,754.94555852,488.881182112
7142463923,96.0273580655,0,7142466601,761.313224151,499.67953662900004,745.747981504,490.039921231
7142481920,89.0638578605,0,7142482599,757.433700671,497.85768001699995,739.8811079110001,492.608130399
7142496928,81.3859074798,0,7142498597,751.457010596,497.71355779699996,737.689166405,493.357812735
7142514944,74.456977447,0,7142518600,747.320237753,493.091142949,733.985446935,488.866131343
7142529949,66.8339739616,0,7142530602,742.809967226,494.750206364,730.9733548280001,488.717510191
7142547978,59.8693495259,0,7142550605,737.21915796,492.653261555,721.664705555,488.558314698
7142562984,52.23369842,0,7142566608,732.376346673,493.63307837199994,715.023850124,485.73801288699997
7142580985,45.2690739811,0,7142582610,728.263887533,495.336709036,705.567673665,482.81467245
7142598996,37.6324391697,0,7142602614,719.232522034,497.22293512,700.107426163,484.30517557300004
7142614006,30.6671120854,0,7142614616,695.510810831,500.49818937,674.18792116,485.37548507199995
7142632030,23.0026525053,0,7142634619,684.18029331,497.013994598,660.629740887,484.139041193
7142650046,16.0494109277,0,7142650621,675.187811769,493.186479357,652.227628059,482.563717801
7142665092,8.42458056607,0,7142666624,667.083041522,488.33725255900004,647.125298515,476.55946817
7142683066,1.4540539039,0,7142686625,660.771357804,487.983274587,638.831398662,466.116665991
7142698078,-6.18693730831,0,7142698626,656.649860497,487.945753687,635.4194487030001,462.824370321
7142716090,-13.1304823756,0,7142718629,651.271106229,485.289045435,627.087980789,465.92542363
7142731091,-20.7946608988,0,7142734632,644.87366391,482.75870187199996,621.46290701,475.761859748
7142749104,-27.7356764382,0,7142750634,635.160683258,483.975902272,614.954446274,486.35692844
7142764119,-35.36402003,0,7142766637,623.711881131,485.129359207,607.120077856,494.264579104
7142782155,-42.3344061637,0,7142782640,614.995994024,487.387060707,602.309195033,494.910705226
7142797130,-50.0094054312,0,7142798643,609.474592862,489.475939728,598.4308777040001,491.418707434
7142815148,-56.9514046761,0,7142818647,604.291684791,493.3895944,588.215114709,489.0706351
7142830154,-64.5756729207,0,7142830649,597.849767824,493.855449471,583.141032182,487.854786376
7142848180,-71.5619388482,0,7142850652,590.506965802,492.79544070400004,574.600309183,488.72668117300003
7142863193,-79.570694834,0,7142866655,584.827111374,495.549361785,569.598496771,493.064716941
7142881218,-86.1421187236,0,7142882657,576.464090827,489.650578143,563.481026106,494.05176418199994
7142899243,-93.7812830597,0,7142902659,570.278411285,485.40669187599997,555.187313433,491.13133529199996
7142914204,-101.232981513,0,7142914659,565.965928745,481.09313953199995,551.299609933,489.057573369
7142932230,-108.37902908,0,7142934658,559.806416847,486.118434505,543.489723582,488.335850587
7142947232,-115.336205473,0,7142950656,552.788804913,489.178684259,538.1121464409999,488.515662705
7142965270,-122.980990972,0,7142966655,547.058634298,497.63654401400004,531.507985791,488.625048144
7142983262,-129.941118479,0,7142986654,532.574314741,502.127205707,514.574882401,488.99581474
7142998257,-137.58393657,0,7142998653,455.813429651,503.373270031,436.49230504900004,489.042660328
7143016286,-144.53492968,0,7143018652,403.134784688,500.546695801,396.760585741,491.81993611300004
7143031287,-152.232554142,0,7143034650,399.569588103,493.728511904,387.42194096199995,497.57422230199995
7143049301,-159.141107448,0,7143050649,394.964687391,491.363320511,379.46632999199994,498.73908785300006
7143064303,-166.774931678,0,7143066648,390.895853928,493.958483147,374.39174217,499.565075254
7143082329,-173.75810596,0,7143082645,385.60277462,494.00744150199995,368.72856116599996,500.25173489400004
7143097324,-181.381531031,0,7143098642,382.523321933,489.94705379199996,366.94359165199995,498.972973385
7143115352,-188.359365211,0,7143118638,382.558676168,482.219158779,362.991136047,494.89427652800003
7143130347,-195.985741392,0,7143130635,383.727753303,479.914227682,361.735686359,493.379825112
7143148374,-202.942074611,0,7143150630,377.45048943,484.786343508,361.19486244,496.994195518
7143163374,-210.579693125,0,7143166626,371.646905135,487.885001814,360.39411932,503.38785731400003
7143181411,-217.571861275,0,7143182622,367.557262565,490.25910900199995,362.519813279,510.390210024
7143196392,-225.191773119,0,7143198618,365.173661475,488.77564289400004,360.839257964,515.028979672
7143214411,-232.143609403,0,7143214614,361.57188586,487.945723657,358.25661241800003,516.382257345
7143229415,-239.783054796,0,7143230610,357.59772252,486.317317716,353.09259274199997,509.21312403300004
7143247440,-246.74866294,0,7143250604,357.37487917,481.830002159,350.175586856,504.67516177
7143265441,-254.461183487,0,7143266600,357.946899697,481.755590574,349.30987191199995,504.10856596199994
7143283460,-261.350624833,0,7143286601,360.729706104,483.02488344,341.46779076400003,504.445723377
7143298456,-269.012273831,0,7143298603,362.583067579,486.402761566,336.90368223,504.285213983
7143316474,-275.947246619,0,7143318606,364.883971645,484.215217645,333.54119153700003,505.90685116300006
7143331502,-283.593015823,0,7143334608,360.539462377,482.285890304,335.61222368299997,506.725610414
7143349494,-290.572957939,0,7143350611,355.872297657,482.72586305,340.56489282900003,506.267971349
7143364503,-298.19427507,0,7143366613,350.910967414,486.412975772,342.894106681,511.10765935800003
7143382518,-305.171547133,0,7143382616,348.398399532,489.20968816,343.802145646,517.152469276
7143397527,-312.80354448,0,7143398618,348.168297539,492.40229248199995,341.920353947,527.161249505
7143415545,-319.750602775,0,7143418621,347.889444066,493.13297369800006,337.410570872,531.20988453
7143430548,-327.392156107,0,7143430623,346.512837062,492.38866609400003,334.604493752,531.028331386
7143448562,-334.349754089,0,7143450627,343.290110015,488.239682751,323.96971522,523.628032156
7143463582,-341.989761599,0,7143466629,338.091338353,488.56225643,315.99303687099996,519.11679512
7143481591,-348.956072385,0,7143482629,332.634781294,496.20038290199994,308.779602297,516.503205336
7143499602,-356.614348682,0,7143502628,320.267752501,504.847112319,304.54759973,516.53423424
7143514605,-363.896568989,0,7143514627,314.612434037,507.00812525699996,301.550905626,517.9978697480001
7143529612,-371.193544855,0,7143530626,307.095398111,499.21143395900003,296.541367912,516.370778793
7143550628,-378.149878074,0,7143554624,281.174508432,486.16487361300005,275.264955749,504.94021742800004
7143565633,-386.550429319,0,7143566623,228.096696545,485.294191285,216.049869815,507.384429371
7143580647,-392.755915314,0,7143582622,205.123215598,493.64993163699995,203.95349044099999,513.660618753
7143598657,-400.43400622,0,7143602620,196.445915832,498.896482015,196.54969150099998,517.11803016
7143613668,-407.360968848,0,7143614619,189.688074724,495.28684017800003,189.781070895,514.160832838
7143631692,-415.00224112,0,7143634617,184.360590069,486.077115952,183.706474535,514.229509907
7143649690,-421.955763755,0,7143650616,183.881027613,488.75844256199997,180.465770284,525.201741244
7143664707,-429.850831663,0,7143666615,183.595606933,494.66584470699996,178.513074155,531.085177201
7143682715,-436.558006707,0,7143686615,174.141437103,497.36613485,171.865135377,523.8451574659999
7143697722,-432.096906669,0,7143698615,167.348821126,493.682823617,166.725930686,516.896975883
7143715737,-425.158561183,0,7143718616,162.613304056,487.266417871,161.010400935,510.855747727
7143730752,-417.521504786,0,7143734616,161.347260064,488.604492141,159.594360001,515.408888264
7143748757,-410.566155269,0,7143750615,161.28994891,493.32865155400003,159.582209704,521.048008455
7143763780,-402.920807653,0,7143766614,159.970164721,493.14809519999994,156.402042416,522.5557808259999
7143781816,-395.959696444,0,7143782613,155.563870035,490.737185398,150.883094839,521.0990520319999
7143796812,-388.320251051,0,7143798613,147.806415727,489.24020286300004,144.81368389,521.199163073
7143814805,-381.357453492,0,7143818612,145.346234479,494.535494119,138.03987615,524.894220242
7143829813,-373.697069255,0,7143830611,148.113084364,495.38120871,137.25129519700002,525.48917488
7143847832,-366.76012906,0,7143850610,156.818403359,496.769455125,142.838953909,520.523500258
7143862838,-359.117310965,0,7143866609,157.734949101,497.82377339699997,146.43606921399999,517.264694081
7143880848,-352.155075523,0,7143882608,155.49941363,497.71215331199994,150.46515622299998,516.1641448409999
7143898866,-344.495393935,0,7143902605,151.799382489,490.92335659099996,153.73927049899999,521.034882979
7143913875,-337.542573943,0,7143914604,164.572537472,488.390533162,161.121084261,521.5854929330001
7143931911,-329.90636072,0,7143934602,254.316150887,484.293652783,244.737688327,519.611283288
7143949905,-322.926278079,0,7143950601,259.525862825,485.890769023,248.077476626,516.6069885530001
7143964934,-314.868196361,0,7143966600,264.859355047,489.199207077,254.19891481599998,517.589603773
7143980017,-308.335699045,0,7143982599,267.691845043,493.032904326,258.992486098,516.030062409
7143997936,-300.708058098,0,7143998597,269.849106704,493.985454567,265.313794153,516.747906524
7144015998,-293.741747312,0,7144018596,281.088324851,491.06817091,275.386692156,517.0342125569999
7144030961,-286.11045261,0,7144034595,293.373775817,484.47928129,284.500417904,515.833771229
7144049008,-279.121657158,0,7144050594,302.823799328,481.92885604699995,292.379713652,516.472773747
7144064050,-271.503853253,0,7144066593,309.876792025,478.598878735,302.901114793,516.674154319
7144082010,-264.545271569,0,7144082592,328.286923783,479.371610764,316.116719312,516.897063813
7144096997,-256.901188712,0,7144098592,382.854276694,482.60868434199995,359.70384310599997,516.003230911
7144115045,-249.947947138,0,7144118592,391.423741088,495.538441106,374.577109202,515.669386343
7144130039,-242.300491582,0,7144130591,397.064327162,500.994796137,381.323481271,515.985400238
7144148040,-235.32490587,0,7144150589,406.694892339,503.996875882,391.43035766099996,512.719493668
7144163047,-227.702183445,0,7144166587,411.453169818,495.760484805,398.159090292,509.19534470300005
7144181068,-220.73545107,0,7144182585,416.94486673,490.398994405,404.83938734300006,504.993092017
7144196070,-213.092632978,0,7144198583,427.527949924,496.909044711,407.914018441,502.73619430900004
7144214073,-206.133208117,0,7144214581,432.855543458,500.83760812800006,416.001138756,502.87311570699995
7144232102,-198.476337112,0,7144234579,441.890207635,504.696015714,426.775178154,505.90298431
7144250096,-191.533213633,0,7144250577,448.380900353,508.32734628,432.504826454,507.50833294800003
7144265114,-183.334181182,0,7144266575,453.76033541,511.490391167,437.783947621,505.961946126
7144280126,-176.940667191,0,7144282575,455.457406547,507.386424574,445.450977978,504.25154653199996
7144298126,-169.301502858,0,7144298576,459.791185229,496.211624803,454.568552469,501.333904775
7144316176,-162.316642221,0,7144318578,473.145380213,491.73747238,463.466918244,504.797959367
7144331167,-154.677477888,0,7144334579,479.801002663,490.545707674,468.040086446,511.09553849300005
7144349164,-147.731403296,0,7144350583,485.189898112,492.83774140199995,474.677735452,510.892302702
7144364198,-139.945948121,0,7144366587,489.119156781,499.448121347,480.42533735300003,511.125398033
7144382192,-133.14152691,0,7144382591,498.960888967,502.549275272,488.360998773,508.148728981
7144397215,-125.489574422,0,7144398595,507.451196505,507.11408743199996,491.775631873,511.080032333
7144415211,-118.531835912,0,7144418600,514.018972155,507.12250636,501.076328435,509.20304679
7144430222,-110.887190941,0,7144430603,518.297637914,506.091019845,505.892692717,510.48811883900004
7144448260,-103.93282513,0,7144450609,525.758785342,503.434976419,510.75366072400004,505.984104338
7144463263,-96.3012493677,0,7144466613,530.160318904,500.55415736,518.767871621,502.50725196199994
7144481265,-89.3369059889,0,7144482614,537.515873053,492.984328344,526.731396525,501.846781329
7144496304,-81.666122597,0,7144498614,549.036247212,489.418640464,535.257393221,503.975241232
7144514279,-74.7182211257,0,7144514614,558.427236069,489.732344002,542.035972354,507.14924198
7144529301,-67.0592421835,0,7144530614,564.171958635,492.522862103,549.202072927,509.49677033
7144547699,-60.0991146771,0,7144550613,569.703538741,493.388695099,555.198577034,509.309807112
7144565368,-52.2348226507,0,7144566610,573.228662038,495.205384377,564.111216796,508.431873268
7144580337,-45.4710143636,0,7144582608,579.91640531,494.96471962199996,569.530286326,506.20618848699996
7144598403,-37.8828621072,0,7144598606,588.679018866,495.351992699,577.229647231,502.27611796900004
7144613384,-30.7916209104,0,7144614604,595.613869739,498.65961648900003,583.3301884719999,497.24167303900003
7144631383,-23.2748574599,0,7144634601,605.277705579,502.735302084,585.974680297,498.83936288900003
7144649416,-16.3293449848,0,7144650599,612.381674888,504.286522625,591.2995598059999,498.941521683
7144664390,-8.68146784383,0,7144666596,620.254039617,504.11769472699996,602.6711574330001,498.745687271
7144682401,-1.72949102853,0,7144682596,626.813243895,503.40252113,608.35006249,493.338486737
7149413522.0,7.2977621327,0.0,7149414264,650.622199784,482.198467396,633.677994204,480.744632197
7149428538,14.6295892283,0,7149430262,647.822937934,484.43481236400004,631.300817034,482.51166155
7149449545,21.5795986326,0,7149450263,641.361897064,485.89911181300005,627.698144911,491.17586432
7149461567,30.2073855067,0,7149462263,638.133103025,482.864177087,629.002055775,491.37342311199995
7149479573,36.1696155501,0,7149482268,638.628090633,476.43121178300004,628.477926765,487.45043100199996
7149494580,43.8141199925,0,7149498274,639.855368204,476.864480714,625.909686364,486.01289372300005
7149512594,50.7995427429,0,7149514280,641.020446179,479.576332537,623.887119744,487.665157194
7149527637,58.4245136362,0,7149530286,640.211618428,483.803978033,623.394621386,485.99014391
7149548613,65.384781671,0,7149550294,639.655960747,487.254907903,625.870227687,482.628163699
7149563650,73.5996939118,0,7149566300,640.390627867,481.186004969,625.6801815059999,484.94976229300005
7149581633,79.9964400738,0,7149582306,639.453354315,478.874152172,625.5066298930001,484.70031818800004
7149596649,88.0227622043,0,7149598312,641.885073665,483.68910699300005,626.977806256,483.51008475599997
7149611676,94.5795710626,0,7149614318,640.377729006,487.510168605,628.105370738,486.488898277
7149629667,102.224075505,0,7149630324,710.256510242,485.837677091,686.833707905,492.428561635
7149647690,109.183781423,0,7149650331,728.815554269,478.45688452800005,707.595237513,490.150149479
7149662690,116.98230581,0,7149666335,731.19143955,472.91115058400004,713.3031335869999,486.182519935
7149680698,123.806682162,0,7149682334,735.968964648,471.872908139,718.033330377,484.380729658
7149695723,131.473249678,0,7149698332,740.446631111,482.91460931,722.9546615219999,488.358970265
7149713725,138.378992403,0,7149714330,744.619917092,486.294421483,731.173596533,490.331391465
7149728734,146.026869547,0,7149730328,749.302471278,480.386002118,740.774558456,487.009722984
7149749745,152.98376488,0,7149750326,757.978673717,476.667599887,746.939608593,476.09465398
7149761757,161.737465867,0,7149762324,762.484047103,479.336843537,749.428340615,476.37356531800003
7149779774,167.622685941,0,7149782322,768.093376149,487.57055616599996,756.149920212,484.10303387
7149794809,175.226717988,0,7149798320,774.327587446,491.664651079,764.060028789,488.315145879
7149812794,182.182910679,0,7149814317,778.652653813,491.869858319,768.06463132,487.06840305800006
7149827828,189.829804118,0,7149830315,786.055823752,487.228733832,772.2313949689999,488.07945532699995
7149848811,196.787261568,0,7149850319,815.021249204,487.708276109,797.3618413439999,487.653551814
7149860825,205.128931098,0,7149862328,825.177143213,490.584603705,810.5661900760001,489.601359137
7149881833,211.388239758,0,7149882340,845.769834915,486.57614217599996,825.754598777,487.28511772400003
7149896843,219.599919829,0,7149898349,856.234930647,484.63759604300003,830.3624718269999,487.61042025800003
7149911932,225.985564189,0,7149914358,863.031961684,490.38740690000003,833.552911485,490.013666193
7149929864,233.779029527,0,7149930367,866.094942032,498.44999649199997,837.841070005,496.62326460099996
7149947908,240.589634021,0,7149950378,876.586392827,499.85778164699997,849.083399318,499.684502917
7149962898,248.544426817,0,7149966387,883.226970643,493.16200752199995,859.041667922,498.685835416
7149980899,255.216750632,0,7149982395,887.263772079,488.681187505,867.186456536,491.36988408900004
7149995920,262.983093843,0,7149998404,892.948911488,489.949273652,871.991472562,485.756427767
7150013923,269.804097494,0,7150014413,901.416550726,499.846289491,877.951583205,481.73971568400003
7150028938,277.439608071,0,7150030422,906.23787535,503.788289477,883.390687153,483.706146111
7150047009,284.411540024,0,7150050430,910.725005778,502.839214376,893.7635468330001,486.84972908099996
7150061955,291.702192079,0,7150062425,913.193040913,502.65400074400003,897.8405867280001,491.446164095
7150079988,299.015469327,0,7150082415,921.319775001,503.900769894,904.3033577269999,493.43250906699996
7150094979,306.644234505,0,7150098404,927.714499899,499.832611335,910.743889708,493.98090028800004
7150112986,313.601551426,0,7150114394,933.450165517,498.72829590099997,917.4314446019999,493.00702734699996
7150128061,321.248304336,0,7150130383,940.75043196,498.88208802400004,924.484106442,493.39589173300004
7150149020,328.260146568,0,7150150370,951.687291811,498.720974577,933.434229605,492.142461257
7150161019,336.646082781,0,7150162362,957.553531378,497.411860807,938.883017943,492.315407396
7150179031,342.821917125,0,7150182349,962.698730858,497.327118081,946.39938053,491.547792559
7150194039,350.433678278,0,7150194341,966.697853877,497.223145635,950.329270997,493.285386398
7150212106,357.395211075,0,7150214328,972.247042984,502.745188744,952.654702925,499.345417287
7150230061,365.040418163,0,7150230318,979.511876523,506.834072155,956.6465627160001,500.081786164
7150248086,372.01811181,0,7150250305,991.872304149,510.813367376,966.9031660710001,498.333992356
7150263087,380.042185473,0,7150266292,996.720208994,513.774309394,975.82456197,495.498590537
7150281107,386.590281526,0,7150282286,1004.17637161,510.935577833,991.0816640810001,493.18078138199996
7150296111,394.489565307,0,7150298282,1039.84202246,507.29818536199997,1015.70921962,491.94192837400004
7150314128,401.203766809,0,7150314278,1048.96187721,502.188560077,1028.92408024,483.59334538900004
7150329127,408.839980031,0,7150330274,1057.59979825,500.795357771,1042.18053841,477.92970427800003
7150347174,415.795751134,0,7150350269,1069.707999,502.497518674,1049.34896531,470.826250258
7150362151,423.443909335,0,7150362266,1072.79695981,502.76687138,1051.31835735,473.05593265
7150380173,430.417808696,0,7150382261,1075.42793335,502.915378987,1052.66204355,482.110555824
7150395179,438.038985299,0,7150398257,1084.53183878,501.12187369800006,1056.06991074,489.246193324
7150413222,431.294964908,0,7150414253,1092.19832956,497.08910134,1060.47238141,491.77755377
7150428192,423.661421738,0,7150430249,1098.24308324,493.483439876,1067.45121591,489.717905253
7150449205,416.713379741,0,7150450244,1105.70914475,491.610231625,1078.40502031,483.056877822
7150461216,408.129719021,0,7150462242,1110.09603885,490.788730444,1085.1139512,480.971890883
7150479256,402.102423981,0,7150482245,1116.01107456,488.66049278099996,1094.87397104,476.117146863
7150494240,394.480825789,0,7150494248,1119.02061442,488.752828464,1098.17646889,474.53281006199995
7150512260,387.514796059,0,7150514253,1122.45037768,489.90693736699995,1106.03592929,472.897172058
7150527298,379.872399553,0,7150530257,1125.64688578,493.506873236,1114.0693443,474.863451882
7150548272,372.908477763,0,7150550262,1129.77719139,497.154315834,1122.50801157,473.377006656
7150563290,364.762143743,0,7150566266,1134.25646428,499.460550796,1125.12631292,470.12952221800003
7150581303,358.320006665,0,7150582270,1131.93157784,498.332169536,1121.20394366,468.12007906699995
7150596311,350.312234384,0,7150598274,1131.47072546,490.23854339999997,1111.69949528,472.756007108
7150614326,343.378526356,0,7150618279,1128.93584128,491.888343921,1101.88899314,481.911326111
7150629326,336.064124876,0,7150630282,1129.69335571,495.531340993,1101.26331393,489.55038646800006
7150647345,329.11102383,0,7150650288,1126.04383427,500.477547899,1103.5236709,490.23585093699995
7150662353,321.365619459,0,7150666290,1128.47024612,498.463077419,1101.06766666,487.225300217
7150680358,314.494165847,0,7150682287,1080.89296923,499.57099054,1054.48905877,482.18472465199994
7150695377,306.866243843,0,7150698282,1003.67644622,500.57862231900003,983.54446876,480.78860471300004
7150713381,299.907381099,0,7150714278,987.082930688,493.555522217,974.652854486,480.625719661
7150728392,292.270184174,0,7150730273,971.253735473,492.195218137,957.248765615,476.05204085699995
7150749405,285.290382587,0,7150750267,965.529037718,492.326549734,943.515147383,473.50267929
7150761423,276.608632523,0,7150762263,960.60881261,492.227295392,940.721989207,472.61321882199996
7150779434,270.704722073,0,7150782257,954.884120629,490.684855552,933.724517402,472.980738295
7150794437,263.047710539,0,7150798253,948.765468122,493.585231393,926.4935745089999,471.461315487
7150812449,256.110208223,0,7150814248,943.395234116,494.007808196,922.944344363,471.20183997699996
7150827466,248.467671189,0,7150830243,937.355050289,494.6611967,918.327780653,473.045093778
7150848473,241.510354267,0,7150850237,933.669276174,494.16494998900004,906.0556789230001,475.209112761
7150863490,233.210421891,0,7150866232,927.550593668,496.437132497,897.687629978,477.121701775
7150881492,226.909938194,0,7150882230,906.971231352,500.679018163,886.003084265,478.10692302900003
7150896508,218.751237611,0,7150898229,861.066435139,501.761426915,844.6649905930001,479.99237920699994
7150911525,212.305165717,0,7150914228,851.118127034,506.14141379,836.7894851230001,481.854383573
7150929523,204.657991221,0,7150930227,843.043321174,503.037293552,824.4920117,487.29578227699994
7150947563,197.704046998,0,7150950226,833.716056138,500.933799277,815.557648077,487.272935705
7150962551,189.825561529,0,7150966225,829.791138558,499.344317765,808.392351251,486.680432295
7150980558,183.105176747,0,7150982224,822.647157915,506.927172744,805.4416760339999,489.28922610800004
7150995577,175.369609418,0,7150998223,818.196326117,514.8280987859999,797.300118415,495.892249076
7151013580,168.507571256,0,7151014222,811.64100439,514.980592905,796.563806247,497.439827685
7151028591,160.831728814,0,7151030221,806.665440564,510.46750988800005,793.079196966,494.31987364
7151046612,153.873006599,0,7151050220,800.563530804,510.92058966400003,789.080429519,486.425844576
7151061612,146.58980259,0,7151062219,793.856387703,506.659937142,784.149820628,485.295947924
7151079632,139.301539531,0,7151082225,785.638814841,502.373423216,774.921795616,487.199060322
7151094645,131.667574773,0,7151098232,782.333977093,499.834485811,762.291194967,490.69638035099996
7151112648,124.702669277,0,7151114238,782.039287398,501.815991914,754.111172285,491.025462642
7151127665,117.05591637,0,7151130245,780.048485398,504.882938255,747.934388965,489.785251814
7151148671,110.064731922,0,7151150253,767.948432008,505.617215387,746.99797375,492.776814434
7151160678,101.657856869,0,7151162258,760.781794559,503.775375952,744.1291520839999,491.76127086400004
7151181696,95.4807577593,0,7151182266,751.247757713,499.531164456,737.5266098889999,489.313873076
7151196710,87.2374586297,0,7151198272,745.339928686,501.83145815800003,732.41788934,485.968712314
7151211773,80.8896166111,0,7151214279,738.331929273,502.461873182,725.350011399,487.310463459
7151229729,73.251576509,0,7151230285,733.278712735,501.346226289,718.6384895460001,493.079671906
7151247748,66.2890600063,0,7151250294,723.288697298,502.935227843,713.490341196,494.445244004
7151262759,58.2928111156,0,7151266300,716.267290429,509.721775881,706.2643750960001,492.76281046
7151280758,51.6662997991,0,7151282302,710.239847179,513.705963728,699.186005873,491.471187731
7151295788,43.7843011029,0,7151298303,707.494727399,511.182613735,690.320084265,497.466822655
7151313782,37.0561872155,0,7151314304,701.012607008,510.023410339,685.5988948309999,499.611110286
7151328792,29.3644649805,0,7151330305,693.669560218,509.643392417,681.853781919,496.961227165
7151346861,22.4778342194,0,7151350306,683.77848857,509.02695891800005,673.1801142109999,499.667442536
7151361822,13.9458882245,0,7151362307,682.343290228,506.36377019599996,668.742395459,498.992016259
7151379887,7.86406787717,0,7151382308,675.158988058,503.505241319,661.257307391,499.02408710199995
7151394839,-0.473666840915,0,7151398309,665.116053895,504.24792671800003,654.0979427230001,498.22018228300004
7151412850,-6.73452131993,0,7151414310,650.637555589,505.876609975,640.221033865,499.688210765
7151429844,-14.3819768724,0,7151430311,642.546484641,505.080228306,631.818807094,493.99815761900004
7151447890,-21.3425259673,0,7151450312,632.247592774,503.670992445,622.087866096,491.54423337599997
7151462879,-29.4202817628,0,7151466313,623.941948263,505.379703945,615.4404754999999,492.346379375
7151480906,-35.921300552,0,7151482316,615.458102973,504.858460822,609.3146436669999,493.384023339
7151495926,-43.8616188452,0,7151498322,609.281952092,504.50509490699994,603.705804575,494.65935403300006
7151513923,-50.5239650898,0,7151514328,601.474917265,503.21636670699996,597.036565339,493.602080919
7151528923,-58.3275485262,0,7151530334,593.749245306,503.641881916,589.4422492140001,493.631221434
7151546970,-65.1250838085,0,7151550342,584.480923473,501.207351904,580.148270493,493.007725269
7151561945,-72.8662723039,0,7151562346,582.025574665,496.839951326,576.414812626,492.488453161
7151579999,-79.7203003038,0,7151582354,576.809998929,495.089051816,569.2750253309999,489.678278532
7151594975,-87.3572161721,0,7151598360,573.800506315,492.627958671,562.059525428,489.12013296099997
7151612994,-94.3257754265,0,7151614366,564.454380089,493.284395922,555.506372164,489.79865660400003
7151628017,-101.981943787,0,7151630373,557.289577666,495.12349989300003,548.623858202,491.866688175
7151649001,-108.925488854,0,7151650380,548.493166331,493.665929166,539.60566025,501.107306321
7151661014,-117.566204409,0,7151662385,543.799030788,493.378555788,535.915745879,503.522349857
7151679039,-123.520564821,0,7151682387,537.914992239,493.637887804,527.3461270390001,507.323458326
7151694038,-131.174625246,0,7151694381,531.887632191,494.552395779,522.433675752,507.650362876
7151712073,-138.126742589,0,7151714370,522.68451908,499.95580341199997,513.961656612,506.922101574
7151727069,-145.790077935,0,7151730361,514.153048074,503.04656291699996,505.64501711800006,509.16013168800004
7151748069,-152.727299191,0,7151750350,506.775080209,510.246378431,499.86391613800004,510.63228112800005
7151763081,-160.976781604,0,7151766341,500.692451452,512.063997263,490.999478425,509.673512284
7151778113,-167.330806906,0,7151778335,496.047432934,511.49907993,486.43871989,508.248432486
7151796121,-174.996109663,0,7151798324,489.075515043,506.449796211,477.113927744,505.66812712
7151811152,-181.92967716,0,7151814315,481.618766954,507.56423060300006,471.993665907,500.51347684800004
7151829127,-189.559144982,0,7151830306,474.913989626,509.84818396699995,463.70535303800006,491.845276329
7151847151,-196.555388477,0,7151850295,469.109632007,509.557372228,455.86252509300004,495.933957856
7151862148,-204.800936075,0,7151862289,463.514845272,509.663112735,449.767649135,499.282049108
7151880157,-211.463141791,0,7151882282,454.80075099,515.377846855,442.271605024,502.797827516
7151895177,-219.32040736,0,7151898296,447.590053012,520.13271124,435.098730026,500.816604153
7151913182,-225.753691099,0,7151914310,441.984249233,521.37376322,429.513848656,501.280392405
7151928237,-233.410421579,0,7151930324,428.185646746,516.484085132,420.30871562699997,502.213847185
7151946220,-240.342443254,0,7151946338,417.234331912,507.420654999,405.37960250599997,502.16126709900004
7151961223,-248.231046822,0,7151962352,408.699442519,501.08980975300005,395.645897949,500.85179920800005
7151979237,-254.938081338,0,7151982369,395.416681157,496.262115462,386.38973323,503.521198961
7151994235,-262.684469408,0,7151994380,390.663978076,496.62418122300005,381.56492015699996,507.80814944599996
7152012246,-269.538216351,0,7152014397,382.252445663,494.573937502,376.20009325800004,515.1721652909999
7152027277,-277.169792113,0,7152030411,377.995171775,494.539878939,373.36986474300005,520.5537835819999
7152048270,-284.136665016,0,7152050429,370.841251127,496.039667357,369.97615114900003,522.212605648
7152060284,-292.927746757,0,7152062439,365.936764666,495.90184924,362.821392287,519.934239669
7152080277,-298.731600455,0,7152082448,357.158049782,496.930040816,354.157472353,519.4613505259999
7152095303,-306.389033578,0,7152098435,349.556746479,493.97842774300005,347.291286029,525.28147651
7152113311,-313.328362769,0,7152114416,343.278835414,490.70375502,342.147828284,529.9940421169999
7152128320,-320.966262343,0,7152130398,336.886229345,489.322546581,329.273362348,528.874032835
7152146333,-327.963630072,0,7152146379,330.228071302,491.48982096699996,317.896363975,522.872448999
7152161343,-336.345631466,0,7152162360,325.016689125,493.29556156300004,310.086178351,513.280546436
7152179361,-342.542404656,0,7152182337,296.190481134,499.450215411,289.76962042,506.693501458
7152194364,-350.781628442,0,7152198318,277.015848266,503.439053486,271.020460339,508.32718632
7152212377,-357.134388982,0,7152214300,268.976388522,510.41709157099996,261.102660722,513.809675889
7152227396,-364.778893424,0,7152230281,261.818488795,511.709122598,255.227115548,520.081001091
7152245405,-371.771904749,0,7152246262,255.064799831,509.04253521699997,248.966566933,525.7196248609999
7152260409,-379.720092673,0,7152262243,249.03424763,501.090469885,244.06645617799998,527.41091852
7152278424,-386.356581557,0,7152282232,238.938182364,495.502801323,236.224359969,519.3511065619999
7152293433,-394.188832939,0,7152294232,234.309731757,493.584698517,228.21189039599997,514.9756351230001
7152311451,-400.937323549,0,7152314237,227.105051553,496.42496663400004,223.937464971,510.86745487
7152329456,-408.601221015,0,7152330241,220.874370767,496.397099323,221.090343895,519.95408841
7152347478,-415.540269147,0,7152350246,216.25200331,493.545230735,218.216477859,528.418052054
7152362477,-424.037082856,0,7152366250,219.450365079,490.753530707,224.186586216,524.164758023
7152380490,-430.137312522,0,7152382255,222.429878148,489.94338188,225.227489323,519.402510684
7152395506,-437.834769738,0,7152398259,222.780198991,489.278489513,222.509807654,513.094287394
7152413515,-431.561689224,0,7152414263,216.386315233,486.105293274,217.69528618,513.345416554
7152428539,-423.915357906,0,7152430267,211.859004359,481.77799583,213.319759662,510.96824980900004
7152446536,-416.961694739,0,7152450272,207.643425794,479.820391876,204.330873443,513.626744815
7152461546,-408.891246458,0,7152462275,204.34550596,478.405734511,196.27596087700002,515.388829019
7152479559,-402.371256237,0,7152482276,202.051671436,481.689950569,185.355654166,521.709401353
7152494565,-394.421803547,0,7152498274,199.308598851,486.918971904,177.87200156400002,516.064261907
7152512576,-387.756225132,0,7152514267,195.198455978,490.50112144400003,175.29651427599998,507.103713514
7152527607,-380.136313288,0,7152530261,189.341784036,490.49838132400004,173.536102235,504.505305542
7152548614,-373.138102386,0,7152550252,183.464198525,489.579628151,168.203621344,504.07384034
7152560611,-364.611637029,0,7152562247,179.789120519,488.666118443,166.034168365,505.984727225
7152581631,-358.560733092,0,7152582239,176.630021914,490.134019984,162.388199943,509.284861809
7152593630,-350.116196225,0,7152594234,176.798222185,488.54073888,162.621099531,511.768942529
7152611645,-343.959052256,0,7152614226,179.110748318,487.486312415,164.096023036,519.7971796840001
7152626652,-336.293749499,0,7152630219,178.726486581,486.16172748099996,169.70526016899998,524.655197918
7152647683,-329.371424335,0,7152650211,176.290505052,486.74098536099996,178.450615674,528.919983
7152662676,-321.210896873,0,7152666204,208.667314042,486.35283686,199.61287361799998,530.278345263
7152680700,-314.760187518,0,7152682202,284.199721409,483.590593835,273.06034485099997,526.594907249
7152695704,-306.683415425,0,7152698201,294.321098438,482.596846079,286.016473624,523.414103946
7152713718,-300.172981185,0,7152714203,303.199944464,481.40984679699994,297.72238123200003,520.102256097
7152728720,-292.277632217,0,7152730204,312.105664254,482.111275822,303.147130085,516.6124932490001
7152743740,-285.535465415,0,7152746206,320.418588152,483.150998773,312.970131801,510.208411334
7152761741,-278.232306268,0,7152762208,327.985865345,486.122881469,318.937864547,505.50016583800004
7152779782,-270.964419936,0,7152782210,336.12187661,489.235793875,328.590174242,504.859310721
7152794762,-263.326239302,0,7152798211,342.711430421,491.252985059,333.80122935400004,511.973852407
7152812784,-256.351356239,0,7152814213,353.128598766,492.955098655,342.345792058,516.297689121
7152827796,-248.725120584,0,7152830214,362.365455031,493.980369014,352.944968188,519.496353958
7152848798,-241.762604084,0,7152850216,373.338105359,497.04897805300004,361.59590864300003,512.344295202
7152860805,-233.07762185,0,7152862218,383.858293312,499.55921137400003,373.45648677800006,507.28387651800006
7152878833,-227.156426316,0,7152882220,398.43621355,506.06218561099996,392.726006661,502.9799406
7152893829,-219.525553199,0,7152894221,403.4946715,508.641359285,400.312091842,504.33028352699995
7152911859,-212.566409399,0,7152914228,413.113616033,504.629619732,410.652447905,504.5787777
7152926854,-204.901106641,0,7152930236,420.71978747,502.983412596,417.73878215900004,504.366021252
7152947898,-197.961636921,0,7152950247,428.097941621,505.330979562,421.779178861,511.256672814
7152959887,-189.642030465,0,7152962253,433.452482747,502.858202659,424.86618292599996,511.160344637
7152980887,-183.358269738,0,7152982263,441.393583288,499.521756106,431.651942495,510.350453266
7152995902,-175.178630308,0,7152998272,450.914300107,503.379596074,438.386155685,502.43109675
7153010929,-168.761366892,0,7153014280,451.677631177,506.658737855,444.360321376,500.61975209300005
7153028920,-161.092129319,0,7153030289,457.622335236,510.359110386,449.05773354300004,499.73476805800004
7153046932,-154.15406489,0,7153050299,466.802749945,508.956032998,456.428229824,499.951788615
7153061945,-146.280216881,0,7153062305,470.507173693,509.424844735,463.029828066,500.706584646
7153079953,-139.556880987,0,7153082303,477.11085126,505.133208356,471.817182949,499.874556042
7153094977,-131.744725274,0,7153098295,485.258521973,500.799930479,477.370107028,499.925867117
7153112976,-124.95379486,0,7153114278,492.279493675,497.036633222,484.147405455,502.882062519
7153127993,-117.293129567,0,7153130252,497.796236472,496.88167141300005,489.079118651,507.87116121199995
7153146005,-110.347617092,0,7153146225,502.667220393,500.57811601099996,494.832864912,506.40333194
7153161008,-103.023519099,0,7153162199,507.748889176,500.30079772199997,502.35667197,501.352642369
7153179027,-95.7467794305,0,7153182166,527.701008202,493.188918514,522.696917183,497.686109348
7153194034,-88.1031181651,0,7153194146,540.187829618,490.73383432599996,532.743306176,493.277496092
7153212044,-81.1380721377,0,7153214113,551.624331087,491.508347244,541.8122373909999,490.874841235
7153227064,-73.51408495,0,7153230087,558.879802939,491.649066015,546.935014555,487.166437835
7153248074,-66.5453851671,0,7153250054,568.320930636,492.45059421699995,554.092360006,489.621142926
7153260074,-58.1026751796,0,7153262034,575.330903299,492.63116717,561.415459587,490.0808824
7153281089,-51.9519955511,0,7153282016,584.992655572,495.441984975,569.7965962999999,494.94221576
7153296097,-43.5830633657,0,7153298009,591.345190502,493.47001458,576.87419505,494.58542976
7153311126,-37.0179632879,0,7153314007,598.100726325,487.585602434,580.702721185,493.603787409
7153329118,-29.66393259,0,7153330016,605.293964665,490.02345222800005,587.311220972,493.445195647
7153347145,-22.7424505997,0,7153350027,612.673327233,492.549386894,598.9163193080001,496.12577168800004
7153362145,-15.047355663,0,7153366036,620.472677304,488.378814083,606.405164819,492.54100586699997
7153380152,-8.10577800662,0,7153382046,629.594177937,487.78186217800004,612.354094306,494.110108204
7153395192,-0.260457415585,0,7153398055,635.02803353,492.193534506,616.50583993,492.930305341
7153428192.0,6.45402514586,0.0,7153430073,646.974127415,492.906220266,628.400648478,490.354338226
7153443237,21.449890233,0,7153446082,653.790822745,485.78171250099996,636.266632569,486.796159938
7153461208,28.4025696937,0,7153462091,660.446855038,485.754343937,647.117247311,486.943818637
7153479234,36.0415934982,0,7153482100,673.463736356,484.45599091400004,654.260404784,490.385647766
7153494229,43.2896652243,0,7153498106,678.178792651,486.199758738,660.358038816,491.25470788300004
7153512241,50.2625808796,0,7153514111,684.513567279,490.179228449,664.906589815,491.643264227
7153527265,57.9197329456,0,7153530108,688.1294052,496.094205975,671.424562217,488.980076913
7153548273,65.2102444719,0,7153550104,696.174902784,499.693651677,679.401269705,486.487592038
7153560280,73.4465171443,0,7153562102,701.093462523,497.603219454,680.428188006,482.45243678300005
7153578298,79.476763295,0,7153582098,708.469730733,496.139071925,686.8983267130001,482.940666328
7153593297,87.2862489547,0,7153594095,710.912118437,494.96669796099997,694.131345432,482.94646746300003
7153611320,94.0641101594,0,7153614091,721.505175617,496.370642536,705.178670152,488.403730222
7153629319,101.716343704,0,7153630088,726.791176265,496.903527666,709.2226117069999,488.382588185
7153647337,108.682513962,0,7153650084,729.34990197,497.680652941,714.941298145,485.29150327699995
7153662342,116.800320565,0,7153666081,735.113752932,498.846875937,721.090856262,479.564045614
7153680354,123.278011515,0,7153682078,742.09144798,496.87906008699997,725.1235042210001,477.016579731
7153695369,131.286205387,0,7153698075,753.086740381,498.333734209,729.741448823,480.885880866
7153713384,137.864796262,0,7153714073,768.482677949,497.43811309,750.418691198,485.27017541199996
7153728389,145.74159538,0,7153730074,790.882859382,496.432303895,781.37334012,484.23982313199997
7153743410,152.490367051,0,7153746076,801.492249086,495.23684931900004,791.447916663,480.41839987199995
7153761407,159.806173824,0,7153762079,809.549003581,496.374702249,798.33944225,477.635078981
7153779428,167.071811692,0,7153782082,819.854636603,495.653344765,802.1732586339999,472.88653935
7153794431,174.710273379,0,7153798084,826.170503079,495.46573232300005,805.516992166,470.080976549
7153812439,181.696960895,0,7153814086,830.364035046,494.552967189,806.1919662930001,468.227985485
7153827454,189.300992942,0,7153830089,835.979122035,495.523574647,806.95471682,470.468067739
7153848468,196.2671632,0,7153850092,839.165216481,499.18137161699997,810.019401246,482.479901216
7153860470,204.937670931,0,7153862094,841.069933214,499.67821100099997,815.662892824,494.173609025
7153881484,210.897090396,0,7153882094,848.003956469,496.132876801,825.6335313210001,495.54691481599997
7153893494,219.432268561,0,7153894092,856.624889436,492.80073814,832.8062354110001,493.18134059
7153911511,225.464903705,0,7153914090,864.796556771,489.00272100300003,834.9480320010001,484.917544059
7153926517,233.112078204,0,7153930087,869.818682615,491.849687922,839.27258568,481.13060827699996
7153947543,240.069816714,0,7153950079,874.386473767,499.71667086599996,845.185489092,484.000961274
7153959630,248.340519027,0,7153962075,879.502959843,501.334195546,849.232747646,486.990168396
7153980552,254.676978184,0,7153982068,886.808975288,500.62960769,855.689013823,492.241103626
7153995565,262.792255265,0,7153998062,892.5914009,500.161134634,862.328319198,491.74576017
7154013574,269.270086744,0,7154014057,896.576178031,497.98163792099996,867.040941287,489.728257141
7154028591,277.291630881,0,7154030051,902.185908077,496.49741518800005,874.0481369710001,491.15984917699996
7154043604,283.868816466,0,7154046045,908.409322398,492.114707764,877.7210673960001,492.847644559
7154061604,291.184763768,0,7154062039,915.588867435,494.230169082,880.371076635,495.85499449
7154079618,298.474853705,0,7154082037,920.260727079,494.914240495,889.9698796639999,493.890732814
7154094628,306.214074793,0,7154098038,923.737034676,496.657833397,895.395852194,487.34024617
7154112637,313.074567133,0,7154114039,930.800983698,498.69422473,900.843789627,484.79585763
7154127688,320.741134653,0,7154130042,980.614002849,500.766409641,959.907920042,482.996087169
7154145664,327.673296856,0,7154146055,1002.71964772,503.658186358,978.895038392,477.204340082
7154160672,336.055438782,0,7154162068,1003.28119336,505.13715939300005,983.7889590789999,470.51966813300004
7154178690,342.277366687,0,7154182083,1010.72554816,509.24437665,995.4195026560001,465.807095801
7154193696,350.479631308,0,7154194093,1017.85101068,508.746859345,998.866969962,467.911310867
7154211717,356.881295991,0,7154214108,1026.70371881,506.051880424,1003.58511603,468.609369095
7154226717,364.988422378,0,7154230121,1032.08080008,506.58362957400004,1007.34801098,473.90857834300004
7154244729,371.474685607,0,7154246134,1036.06044382,506.77045328599996,1011.58992024,474.917822942
7154259739,379.434396921,0,7154262146,1041.22067385,506.434342683,1015.61415621,476.391075631
7154277751,386.086765598,0,7154278154,1048.6122276,505.767139372,1017.16624392,478.24841105900003
7154295788,393.893862262,0,7154298159,1053.67441757,503.936261268,1026.21614311,479.114587347
7154310773,400.704888345,0,7154314163,1056.65899382,500.67298789800003,1038.84689701,475.63248319300004
7154328790,408.381995548,0,7154330166,1060.95443577,497.94589159300006,1045.52714769,469.361059576
7154343801,415.28183605,0,7154346162,1067.35827546,497.62226793,1048.94149493,465.88920131599997
7154361806,422.595815944,0,7154362157,1075.14966497,497.66080537199997,1051.31573015,464.431085304
7154379816,430.245238904,0,7154382151,1087.86183861,500.101715394,1064.68747093,463.373095695
7154394841,437.521697516,0,7154398146,1092.58429984,503.448157027,1065.47958879,468.308967921
7154412840,431.840780107,0,7154414141,1096.65827876,504.567451726,1068.74565241,471.90314082199995
7154427854,424.186579155,0,7154430136,1099.42538086,504.205167895,1073.11053143,475.65339497199994
7154445893,417.235445513,0,7154446131,1105.8812449,503.822548184,1078.67554922,476.557502216
7154460890,408.73132429,0,7154462126,1110.88364229,503.744471093,1086.68142227,475.37485329699996
7154478889,402.612966366,0,7154482120,1116.45326724,505.444746569,1090.2771939000002,471.381523006
7154493891,394.272842655,0,7154494117,1121.86921838,505.70424665,1093.43868752,468.087967283
7154511905,388.024214211,0,7154514112,1127.26976982,501.46117441,1100.00827701,468.603557833
7154526919,380.3875794,0,7154530107,1131.64406902,499.877543276,1108.71651741,471.141951548
7154544928,373.386417384,0,7154546104,1135.08691093,500.210072339,1115.61857531,472.38461415800003
7154559933,365.333113659,0,7154562100,1137.10238913,502.073596464,1116.31474694,471.14538857199994
7154577950,358.833640692,0,7154578097,1139.52657329,504.91668529199995,1117.00101745,474.71417179300005
7154595984,350.904283671,0,7154598092,1141.37116954,509.596155161,1115.52536082,482.92678425300005
7154610970,343.595503358,0,7154614089,1140.74211435,514.661262064,1115.85399099,486.550815545
7154628995,336.59602769,0,7154630085,1139.79336996,518.409656639,1114.04110386,487.15267826800005
7154646999,329.625219971,0,7154650081,1142.87101998,516.836112096,1117.42332264,479.231683453
7154662018,321.060530687,0,7154662078,1143.2597052,514.506696867,1121.42913713,473.449950979
7154680016,315.010188867,0,7154682077,1082.67673799,512.458882599,1059.32275882,466.95801217300004
7154695063,306.572678457,0,7154698077,1011.27387492,507.97509974900004,992.4303149460001,464.36861687699997
7154713039,300.085431525,0,7154714077,997.919932468,498.900146877,978.3449716169999,465.70862886699996
7154728056,292.792812063,0,7154730078,989.617276119,493.70699786,963.5103000510001,467.08524412800006
7154746064,285.824533869,0,7154746079,982.098080918,493.348028211,957.251810978,469.01638615800005
7154761077,277.666254871,0,7154762082,977.045949233,496.844765349,951.14028625,464.82915706
7154779089,271.222993561,0,7154782085,969.972716134,502.816327301,945.621328348,462.91422657
7154794108,263.588607218,0,7154798088,964.760980373,503.353847487,940.0476260519999,463.319362459
7154812104,256.620891137,0,7154814091,958.473951667,500.022393473,932.117143615,466.66437476199997
7154827136,248.984115798,0,7154830093,951.904349316,495.42301439199997,928.142935488,468.635350468
7154848128,242.00487633,0,7154850097,946.12589787,494.859878814,915.94476926,474.03768695300005
7154860144,233.335633362,0,7154862099,940.113719728,496.81198058800004,913.844599595,475.951569076
7154881149,227.372279081,0,7154882100,886.638999415,507.30108425699996,849.237639125,482.706517893
7154893172,218.836257742,0,7154894100,877.510361015,507.75830032199997,843.657056807,484.322651783
7154911185,212.79322344,0,7154914100,863.089319417,502.122837908,840.591772521,479.724765452
7154926191,205.1564481,0,7154930100,858.31006152,498.64675016300004,840.33835622,474.128050958
7154947199,198.215994674,0,7154950100,854.114364646,501.509672295,831.388424105,472.415588219
7154962204,189.930255741,0,7154966100,851.069845197,505.687431507,826.0857367460001,470.63221334400004
7154980215,183.52873159,0,7154982100,845.916211504,506.56528186099996,822.169646692,470.149929747
7154995233,175.446057274,0,7154998100,836.652741439,504.966429193,817.68539938,475.38418352699995
7155013241,169.014178826,0,7155014100,826.7708146,509.21868167199995,811.719508011,480.410024136
7155028246,161.002331195,0,7155030100,820.740890679,511.59123483900004,805.557894112,478.99703828
7155043277,154.397039782,0,7155046100,812.953682926,510.531970544,800.301248005,481.44718480800003
7155061270,147.088681057,0,7155062100,804.739406054,514.766522117,795.0166038919999,486.528799731
7155079299,139.794234715,0,7155082102,799.461184881,519.2924347080001,788.041923513,490.11862394599996
7155094292,132.063164319,0,7155098104,790.222343352,516.910156932,778.720761694,490.92843556199995
7155112305,125.188056944,0,7155114106,782.295805011,508.832498669,767.525091198,492.97835166699997
7155127320,117.573344681,0,7155130108,777.047110474,503.483945995,760.9753767999999,495.70636394300004
7155145333,110.594948388,0,7155146110,775.533809124,510.124784767,758.0496619710001,494.871673296
7155160334,103.280546909,0,7155162112,769.435213485,516.335162387,756.170235885,491.779135855
7155181351,96.0053530591,0,7155182113,760.51771569,511.104743024,747.586348787,489.75427151300005
7155193364,87.3352669135,0,7155194115,755.705030273,510.00807366699996,741.2394519,491.59397172300004
7155211381,81.3651672358,0,7155214116,746.842219682,506.888400955,732.44893319,495.081514806
7155226381,73.7732206955,0,7155230118,724.985567313,509.295606634,707.7591327169999,494.548914974
7155247404,66.7872358282,0,7155250120,706.631209998,508.548067947,695.6136311930001,491.383099922
7155259417,58.3969432112,0,7155262121,700.892260063,507.288352289,690.9327444869999,490.271227579
7155280415,52.1774043015,0,7155282121,692.404983123,503.545828165,685.018617037,489.271180913
7155295434,43.9613678236,0,7155298121,688.82647638,500.585729922,681.070744134,490.052448251
7155313441,37.6059372309,0,7155314120,682.727369895,499.74663419800004,671.918263057,487.539284165
7155328445,29.5063994184,0,7155330119,676.743533279,502.681372029,665.8171344680001,484.576272566
7155343477,22.9802259137,0,7155346119,669.109235871,507.763904054,658.856026135,483.392672071
7155361481,15.6777694092,0,7155362119,662.075707969,506.78041715300003,655.04300484,484.55920885300003
7155376480,8.39442486861,0,7155378119,659.753878086,503.434001539,648.999684991,488.741128307
7155394529,1.08002338916,0,7155398119,653.345086647,503.738280399,643.183486565,490.307478212
7155412503,-6.22454105148,0,7155414119,648.436295732,508.616160895,639.259026156,487.564582105
7155427520,-13.8400964881,0,7155430119,641.507728515,507.536888098,635.28667315,484.399875354
7155445531,-20.8012076968,0,7155446119,634.302097118,499.86259315300003,630.788250975,485.88631424199997
7155460556,-29.2779257395,0,7155462119,626.16763205,495.302769613,625.703944612,489.71001989800004
7155478557,-35.4069638795,0,7155482119,620.305586234,496.420617797,619.862010425,491.35683892
7155493558,-43.7555193387,0,7155494119,617.300254885,499.203887773,617.211148504,491.927214889
7155511604,-50.0023209033,0,7155514118,609.677154258,502.12283414800004,609.854603841,492.444446475
7155526580,-58.2246811898,0,7155530118,603.810974489,503.60453152300005,604.910693338,493.19860942099996
7155544591,-64.6139793093,0,7155546117,598.841193577,503.599442831,600.312668377,492.26103949199995
7155559618,-72.6970752143,0,7155562116,594.550895231,502.443298247,594.637256661,493.467077641
7155577615,-79.2073689253,0,7155578113,586.790597873,499.135714034,589.586367825,499.21526283599997
7155592624,-87.1488114493,0,7155594110,581.278446123,497.353972789,581.89538492,502.190526612
7155610635,-93.8266159023,0,7155614106,579.007810616,494.80836478099997,575.634787639,501.40252063099996
7155628646,-101.613476371,0,7155630103,572.780181388,494.622423547,570.253753254,501.849923496
7155643662,-108.406093132,0,7155646100,544.488599,499.08704868300003,542.6127877819999,503.162246172
7155661674,-115.710376516,0,7155662097,519.335920124,503.781582292,518.573303465,506.26198491400004
7155676682,-123.020140535,0,7155678094,512.23365454,500.118965124,508.04020988800005,510.889624192
7155694688,-130.354778212,0,7155698089,501.089609467,503.478297355,498.307210727,507.338763334
7155712700,-137.610157452,0,7155714085,492.252637719,503.96881295300005,490.288844936,505.78744264
7155727720,-145.239203686,0,7155730082,488.903407959,504.687551751,484.10251767,503.93674154800004
7155745725,-152.206217121,0,7155746078,485.754502095,502.63540819400004,482.04618525300003,506.849063806
7155760731,-160.830631294,0,7155762074,481.668356616,501.21727988199996,475.647988575,510.42594224699997
7155778756,-166.830242091,0,7155782071,474.13625434,496.103924381,468.551283491,509.92058801800005
7155793756,-175.278573245,0,7155794068,470.260693049,495.98700452599996,464.153690967,504.107507497
7155811782,-181.413513608,0,7155814065,466.773793492,494.07916991400003,457.235664755,502.70779212199994
7155826778,-189.038906087,0,7155830062,461.483369971,496.77103436199997,451.787178076,503.626308611
7155844791,-196.026717833,0,7155846059,457.251553533,493.92374710900003,448.792558542,504.06843422300005
7155862802,-203.877519062,0,7155866055,453.066326706,497.87611068800004,441.847528284,504.84061716800005
7155879812,-211.493355559,0,7155882056,446.38599039,495.91335716,435.82938918699995,507.861205381
7155892824,-218.722315318,0,7155894058,444.293077296,498.15667128,431.744401065,508.921709787
7155910835,-225.211529658,0,7155914060,437.741603584,495.96639119300005,425.766819166,506.43028259
7155925844,-233.169273564,0,7155926062,435.447676281,494.264923903,423.057945165,503.06039148400004
7155943875,-239.81054044,0,7155946064,431.361455024,491.16029509199996,420.782670962,506.893773922
7155961876,-247.13815166,0,7155962067,431.107769427,496.915460555,417.149403565,507.792491309
7155976881,-254.415593974,0,7155978068,428.704422805,504.349449141,413.134112414,505.942918616
7155994890,-262.057287835,0,7155998071,357.653844706,512.903161803,357.36685583199994,507.03921396
7156009903,-269.013621051,0,7156010072,314.916101759,516.1665097580001,301.058337478,514.0217169709999
7156027912,-276.646461575,0,7156030074,279.827394822,518.5544961219999,274.26076358299997,523.499303865
7156045924,-283.614458713,0,7156046076,271.034266868,519.79214555,263.21110646799997,527.997829906
7156060935,-292.345815565,0,7156062078,261.984396601,523.366520802,257.020721142,533.9663711530001
7156078957,-298.214734258,0,7156082078,258.073627601,524.166961357,250.09160888,542.726400745
7156093955,-306.841115838,0,7156094077,255.595861894,519.95320213,247.309696994,548.8649536190001
7156111971,-312.819225675,0,7156114076,249.795292805,511.842070578,243.429812972,550.8055072459999
7156126977,-320.45375255,0,7156130076,245.618165416,507.129304247,239.660813668,547.862675021
7156144992,-327.41767434,0,7156146075,240.809256211,506.696254396,236.429972773,538.06119967
7156160005,-335.738264502,0,7156162074,236.948040711,509.380932276,233.72585912099998,531.27666934
7156178013,-342.021603644,0,7156178075,234.724984472,514.030218061,232.97597103400003,527.517554592
7156193023,-350.212625931,0,7156194075,236.112029265,521.1990081609999,232.30767736599998,528.16930499
7156211036,-356.644363851,0,7156214076,183.314386555,525.817547694,176.60666843,535.769625649
7156226046,-364.261184053,0,7156226076,157.875673341,521.969719421,142.98411986600001,542.249562069
7156244053,-371.241828811,0,7156246077,130.621976362,511.865259691,121.142697384,545.653580075
7156259074,-378.52882711,0,7156262078,121.695319714,505.753129788,111.56616245,539.753600192
7156280088,-385.823835569,0,7156282077,116.219648971,504.94196904800003,102.24242674799999,530.3087773369999
7156295091,-394.553506071,0,7156298076,113.209669997,502.544616175,97.228143136,528.611149595
7156310107,-400.428889103,0,7156314075,107.197556588,500.50997207300003,95.13000406270001,532.581377075
7156328110,-408.055546344,0,7156330074,104.172847042,499.63392264,96.1130602499,544.705144133
7156346135,-415.026494591,0,7156350073,100.913443299,501.243416355,102.14330044799999,554.704850788
7156361140,-423.432667002,0,7156362073,98.3509207213,502.265244345,104.448133769,557.248474943
7156376144,-429.647006334,0,7156378070,92.9835985283,499.606231814,112.60349711299999,550.846494624
7156394154,-436.933583045,0,7156398065,87.212627661,492.10655483,113.64476123600001,545.26873159
7156412184,-432.088814049,0,7156414060,84.986430518,491.556956414,107.67991786799999,546.40858898
7156427177,-424.370812864,0,7156430056,83.8150692401,497.08122541800003,101.075420431,544.231237945
7156442199,-417.494721787,0,7156446052,87.0740133758,502.726447191,93.8918160409,537.309108013
7156460199,-410.187206237,0,7156462048,89.3078185966,505.487872643,91.4036526325,531.911742435
7156481234,-402.865778297,0,7156482045,94.8159178747,505.191185553,90.82133517209999,540.04547369
7156493218,-394.067107985,0,7156494043,95.6086765578,501.735505012,92.78778185440001,544.235057497
7156511245,-388.289954825,0,7156514041,98.5255742059,497.58457063199995,94.9475025148,542.164093794
7156526243,-380.656411656,0,7156530040,98.1520332686,497.50726134800004,93.808800151,538.483486004
7156547258,-373.694457273,0,7156550038,97.5584040556,502.08301325900004,100.594265025,544.778086733
7156559266,-365.168413501,0,7156562037,165.660280104,500.611458309,155.596437644,542.800773553
7156580281,-359.060314205,0,7156582035,189.446234269,494.29678639900004,191.717412469,535.494950737
7156592298,-350.708948161,0,7156594036,193.634100915,491.42911894,196.18179566700002,530.32244138
7156613298,-344.487863429,0,7156614037,201.097727769,492.809946056,202.384417387,529.803296357
7156628309,-336.210275187,0,7156630038,205.342223366,496.318763306,205.29935098400003,531.655533894
7156643338,-329.879577724,0,7156646039,208.185952262,494.902226184,208.37256923599998,535.1735215069999
7156661332,-322.544940047,0,7156662039,211.651191845,489.102721255,214.712519265,536.306259377
7156679350,-315.278037417,0,7156682043,214.094161905,487.08727614199995,217.68615612,533.43044454
7156694355,-307.334065368,0,7156698047,212.963711654,488.644812346,214.885058068,530.608409691
7156712364,-300.671578592,0,7156714051,211.888116835,485.307915259,212.66535071400003,526.991086837
7156727395,-292.853099068,0,7156730056,276.403423543,480.947271071,267.211355735,522.896698349
7156742403,-286.050504733,0,7156746060,313.194247935,484.33252069,306.237761182,515.449328485
7156760402,-278.776294589,0,7156762064,324.4845238,484.674781454,320.167411378,510.18492278699995
7156775508,-271.459223056,0,7156778068,338.571553506,483.973238505,326.670155484,503.685776987
7156793420,-264.16013925,0,7156794075,349.522027591,488.084096006,336.336744513,508.200137195
7156811438,-256.846862005,0,7156814085,356.174685474,492.509448211,343.225845059,509.01124801699996
7156826442,-249.245640539,0,7156830092,359.877413486,487.800211788,351.41791304599997,510.614064853
7156847465,-242.266260541,0,7156850102,369.152777456,481.64510962400004,361.89032415599996,510.566812215
7156859469,-233.67121696,0,7156862108,375.753800439,488.789086861,366.73640707199996,510.10978481800004
7156880481,-227.647716206,0,7156882112,387.546268648,489.977179591,379.400611475,505.705047835
7156892487,-219.178446212,0,7156894113,393.446114337,489.72836889,385.91933732,502.241619155
7156913500,-213.04926754,0,7156914114,401.008155501,489.849783548,393.195151464,497.467452031
7156925509,-204.703382134,0,7156926115,407.279958781,491.72499580699997,396.19734141099997,499.69554140800005
7156943528,-198.458688509,0,7156946117,432.875622218,493.45248477800004,415.798002787,503.477751266
7156961533,-191.167193277,0,7156962118,441.215163081,490.367115726,432.079690406,505.094966452
7156979552,-183.84787328,0,7156982119,454.037743403,488.64690115,438.706080896,496.633076129
7156994555,-175.777284467,0,7156998118,460.180742488,484.852728797,444.063863335,488.67572241
7157012566,-169.257153717,0,7157014116,468.601521954,484.474631945,450.507283462,486.839726293
7157027580,-161.296458698,0,7157030114,476.533015405,485.063922676,461.712846604,492.10519333900004
7157042586,-154.644511606,0,7157046112,483.09185731,487.760834676,471.654510919,496.51017638699994
7157060612,-147.363275005,0,7157062110,489.557539715,488.963226065,477.813923734,496.247302784
7157075616,-140.027794154,0,7157078102,494.637928234,489.717583755,481.070364032,494.98299651900004
7157093620,-132.710019972,0,7157094089,499.336135058,489.628987929,487.26026367699995,495.500666028
7157111651,-125.438198825,0,7157114073,505.479911518,497.421634402,497.371506794,501.45436207
7157126644,-117.827842963,0,7157130059,515.151315085,502.971281887,503.69540167800005,507.65433985699997
7157147672,-110.531148156,0,7157150043,518.679084157,498.001709566,511.19705894300006,512.2490941240001
7157159676,-102.099961559,0,7157162033,520.428222789,493.676940993,513.385974238,508.11729264
7157180676,-96.2597108122,0,7157182017,528.569314901,494.30688518,522.978268587,496.896826967
7157192693,-87.6090176904,0,7157194007,537.725631349,495.59060432900003,527.119444986,496.36005108
7157210703,-81.6462255268,0,7157213990,546.080106043,491.661250928,532.72354398,507.554274453
7157228708,-74.0306700903,0,7157229977,547.830655384,490.35744326199995,537.123916023,511.343426585
7157243731,-66.7304620537,0,7157245964,550.498134143,493.317108211,543.029132907,505.785999235
7157258730,-59.7655565579,0,7157261951,557.891011657,486.37342043900003,549.849501163,491.72017834400003
7157279754,-52.4335889338,0,7157281946,567.473073016,491.883909205,553.541072785,486.60417138
7157294753,-44.2278110832,0,7157297948,576.693151899,497.00868047,560.799309552,485.419402735
7157312771,-37.8614192178,0,7157313950,587.430435394,496.21454126699996,565.659609744,479.018610692
7157327773,-29.7658162177,0,7157329952,591.568359873,498.07082509699995,575.0976317569999,476.520957415
7157342788,-23.2628300239,0,7157345954,595.204376782,500.349988954,579.496288927,475.676356736
7157360803,-15.8913737099,0,7157361956,598.551478556,504.808245886,584.013134575,485.21557735199997
7157378816,-8.63613500125,0,7157381959,617.843306067,503.67189332099997,606.886574809,491.071145866
