eps,min_sample,n_cluster,silhouette
0.31,2.0,2.0,-0.20542994563355832
0.31,3.0,1.0,-0.11788279855622036
0.31,3.0,1.0,-0.11788279855622036
0.31,3.0,1.0,-0.11788279855622036
0.31,3.0,1.0,-0.11788279855622036
0.31,3.0,1.0,-0.11788279855622036
0.31,3.0,1.0,-0.11788279855622036
0.31,3.0,1.0,-0.11788279855622036
0.31,3.0,1.0,-0.11788279855622036
0.34,5.0,1.0,-0.10967309768824263
0.34,5.0,1.0,-0.10967309768824263
0.34,5.0,1.0,-0.10967309768824263
0.34,5.0,1.0,-0.10967309768824263
0.35000000000000003,5.0,1.0,-0.10316231376036701
0.35000000000000003,5.0,1.0,-0.10316231376036701
0.35000000000000003,5.0,1.0,-0.10316231376036701
0.35000000000000003,5.0,1.0,-0.10316231376036701
0.36000000000000004,4.0,1.0,-0.07798270203734349
0.36000000000000004,4.0,1.0,-0.07798270203734349
0.36000000000000004,4.0,1.0,-0.07798270203734349
0.36000000000000004,4.0,1.0,-0.07798270203734349
0.36000000000000004,4.0,1.0,-0.07798270203734349
0.36000000000000004,4.0,1.0,-0.07798270203734349
0.36000000000000004,4.0,1.0,-0.07798270203734349
0.36000000000000004,4.0,1.0,-0.07798270203734349
0.36000000000000004,4.0,1.0,-0.07798270203734349
0.36000000000000004,4.0,1.0,-0.07798270203734349
0.36000000000000004,4.0,1.0,-0.07798270203734349
0.36000000000000004,4.0,1.0,-0.07798270203734349
0.38,4.0,1.0,-0.05781137877196408
0.38,4.0,1.0,-0.05781137877196408
0.38,4.0,1.0,-0.05781137877196408
0.38,4.0,1.0,-0.05781137877196408
0.38,4.0,1.0,-0.05781137877196408
0.38,4.0,1.0,-0.05781137877196408
0.38,4.0,1.0,-0.05781137877196408
0.38,4.0,1.0,-0.05781137877196408
0.38,4.0,1.0,-0.05781137877196408
0.38,4.0,1.0,-0.05781137877196408
0.38,4.0,1.0,-0.05781137877196408
0.38,4.0,1.0,-0.05781137877196408
0.38,4.0,1.0,-0.05781137877196408
0.38,4.0,1.0,-0.05781137877196408
0.38,4.0,1.0,-0.05781137877196408
0.38,4.0,1.0,-0.05781137877196408
0.38,4.0,1.0,-0.05781137877196408
0.38,4.0,1.0,-0.05781137877196408
0.38,4.0,1.0,-0.05781137877196408
0.38,4.0,1.0,-0.05781137877196408
0.38,4.0,1.0,-0.05781137877196408
0.38,4.0,1.0,-0.05781137877196408
0.38,4.0,1.0,-0.05781137877196408
0.38,4.0,1.0,-0.05781137877196408
0.38,4.0,1.0,-0.05781137877196408
0.38,4.0,1.0,-0.05781137877196408
0.38,4.0,1.0,-0.05781137877196408
0.38,4.0,1.0,-0.05781137877196408
0.38,4.0,1.0,-0.05781137877196408
0.38,4.0,1.0,-0.05781137877196408
0.38,4.0,1.0,-0.05781137877196408
0.38,4.0,1.0,-0.05781137877196408
0.38,4.0,1.0,-0.05781137877196408
0.42000000000000004,5.0,1.0,-0.04450977726653516
0.42000000000000004,5.0,1.0,-0.04450977726653516
0.42000000000000004,5.0,1.0,-0.04450977726653516
0.42000000000000004,5.0,1.0,-0.04450977726653516
0.42000000000000004,5.0,1.0,-0.04450977726653516
0.42000000000000004,5.0,1.0,-0.04450977726653516
0.42000000000000004,5.0,1.0,-0.04450977726653516
0.42000000000000004,5.0,1.0,-0.04450977726653516
0.42000000000000004,5.0,1.0,-0.04450977726653516
0.42000000000000004,5.0,1.0,-0.04450977726653516
0.42000000000000004,5.0,1.0,-0.04450977726653516
0.42000000000000004,5.0,1.0,-0.04450977726653516
0.42000000000000004,5.0,1.0,-0.04450977726653516
0.42000000000000004,5.0,1.0,-0.04450977726653516
0.42000000000000004,5.0,1.0,-0.04450977726653516
0.42000000000000004,5.0,1.0,-0.04450977726653516
0.44,5.0,1.0,-0.0364368450712415
0.44,5.0,1.0,-0.0364368450712415
0.44,5.0,1.0,-0.0364368450712415
0.44,5.0,1.0,-0.0364368450712415
0.44,5.0,1.0,-0.0364368450712415
0.44,5.0,1.0,-0.0364368450712415
0.44,5.0,1.0,-0.0364368450712415
0.44,5.0,1.0,-0.0364368450712415
0.44,5.0,1.0,-0.0364368450712415
0.45,6.0,1.0,-0.03356019297462858
0.45,6.0,1.0,-0.03356019297462858
0.45,6.0,1.0,-0.03356019297462858
0.45,6.0,1.0,-0.03356019297462858
0.45,6.0,1.0,-0.03356019297462858
0.45,6.0,1.0,-0.03356019297462858
0.45,6.0,1.0,-0.03356019297462858
0.45,6.0,1.0,-0.03356019297462858
0.45,6.0,1.0,-0.03356019297462858
0.45,6.0,1.0,-0.03356019297462858
0.45,6.0,1.0,-0.03356019297462858
0.45,6.0,1.0,-0.03356019297462858
0.45,6.0,1.0,-0.03356019297462858
0.45,6.0,1.0,-0.03356019297462858
0.45,6.0,1.0,-0.03356019297462858
0.45,6.0,1.0,-0.03356019297462858
0.45,6.0,1.0,-0.03356019297462858
0.45,6.0,1.0,-0.03356019297462858
0.45,6.0,1.0,-0.03356019297462858
0.45,6.0,1.0,-0.03356019297462858
0.45,6.0,1.0,-0.03356019297462858
0.45,6.0,1.0,-0.03356019297462858
0.45,6.0,1.0,-0.03356019297462858
0.45,6.0,1.0,-0.03356019297462858
0.48000000000000004,6.0,1.0,-0.029692744263767962
0.48000000000000004,6.0,1.0,-0.029692744263767962
0.48000000000000004,6.0,1.0,-0.029692744263767962
0.48000000000000004,6.0,1.0,-0.029692744263767962
0.48000000000000004,6.0,1.0,-0.029692744263767962
0.48000000000000004,6.0,1.0,-0.029692744263767962
0.48000000000000004,6.0,1.0,-0.029692744263767962
0.48000000000000004,6.0,1.0,-0.029692744263767962
0.48000000000000004,6.0,1.0,-0.029692744263767962
0.49,7.0,1.0,-0.02146199778727883
0.49,7.0,1.0,-0.02146199778727883
0.49,7.0,1.0,-0.02146199778727883
0.49,7.0,1.0,-0.02146199778727883
0.49,7.0,1.0,-0.02146199778727883
0.49,7.0,1.0,-0.02146199778727883
0.49,7.0,1.0,-0.02146199778727883
0.5,6.0,1.0,0.002756934296568583
0.5,6.0,1.0,0.002756934296568583
0.5,6.0,1.0,0.002756934296568583
0.5,6.0,1.0,0.002756934296568583
0.5,6.0,1.0,0.002756934296568583
0.5,6.0,1.0,0.002756934296568583
0.51,4.0,1.0,0.02949271797835408
0.51,4.0,1.0,0.02949271797835408
0.51,4.0,1.0,0.02949271797835408
0.51,4.0,1.0,0.02949271797835408
0.51,4.0,1.0,0.02949271797835408
0.51,4.0,1.0,0.02949271797835408
0.51,4.0,1.0,0.02949271797835408
0.51,4.0,1.0,0.02949271797835408
0.51,4.0,1.0,0.02949271797835408
0.51,4.0,1.0,0.02949271797835408
0.51,4.0,1.0,0.02949271797835408
0.51,4.0,1.0,0.02949271797835408
0.51,4.0,1.0,0.02949271797835408
0.51,4.0,1.0,0.02949271797835408
0.51,4.0,1.0,0.02949271797835408
0.51,4.0,1.0,0.02949271797835408
0.51,4.0,1.0,0.02949271797835408
0.51,4.0,1.0,0.02949271797835408
0.53,6.0,1.0,0.033653117218470606
0.53,6.0,1.0,0.033653117218470606
0.53,6.0,1.0,0.033653117218470606
0.53,6.0,1.0,0.033653117218470606
0.53,6.0,1.0,0.033653117218470606
0.53,6.0,1.0,0.033653117218470606
0.53,6.0,1.0,0.033653117218470606
0.53,6.0,1.0,0.033653117218470606
0.53,6.0,1.0,0.033653117218470606
0.53,6.0,1.0,0.033653117218470606
0.53,6.0,1.0,0.033653117218470606
0.53,6.0,1.0,0.033653117218470606
0.53,6.0,1.0,0.033653117218470606
0.53,6.0,1.0,0.033653117218470606
0.53,6.0,1.0,0.033653117218470606
0.53,6.0,1.0,0.033653117218470606
0.53,6.0,1.0,0.033653117218470606
0.55,7.0,1.0,0.037644474953057255
0.55,7.0,1.0,0.037644474953057255
0.55,7.0,1.0,0.037644474953057255
0.55,7.0,1.0,0.037644474953057255
0.55,7.0,1.0,0.037644474953057255
0.56,4.0,1.0,0.05453050891170877
0.56,4.0,1.0,0.05453050891170877
0.56,4.0,1.0,0.05453050891170877
0.56,4.0,1.0,0.05453050891170877
0.56,4.0,1.0,0.05453050891170877
0.56,4.0,1.0,0.05453050891170877
0.56,4.0,1.0,0.05453050891170877
0.5700000000000001,3.0,1.0,0.08236728166221699
0.5700000000000001,3.0,1.0,0.08236728166221699
0.5700000000000001,3.0,1.0,0.08236728166221699
0.5700000000000001,3.0,1.0,0.08236728166221699
0.5700000000000001,3.0,1.0,0.08236728166221699
0.5700000000000001,3.0,1.0,0.08236728166221699
0.5700000000000001,3.0,1.0,0.08236728166221699
0.5700000000000001,3.0,1.0,0.08236728166221699
0.5800000000000001,3.0,1.0,0.10013613273877667
0.5800000000000001,3.0,1.0,0.10013613273877667
0.5800000000000001,3.0,1.0,0.10013613273877667
0.5800000000000001,3.0,1.0,0.10013613273877667
0.5800000000000001,3.0,1.0,0.10013613273877667
0.5800000000000001,3.0,1.0,0.10013613273877667
0.5800000000000001,3.0,1.0,0.10013613273877667
0.5800000000000001,3.0,1.0,0.10013613273877667
0.59,3.0,1.0,0.1223225715769218
0.59,3.0,1.0,0.1223225715769218
0.59,3.0,1.0,0.1223225715769218
0.59,3.0,1.0,0.1223225715769218
0.59,3.0,1.0,0.1223225715769218
0.59,3.0,1.0,0.1223225715769218
0.59,3.0,1.0,0.1223225715769218
0.59,3.0,1.0,0.1223225715769218
0.6,3.0,1.0,0.13394036859449127
0.6,3.0,1.0,0.13394036859449127
0.6,3.0,1.0,0.13394036859449127
0.6,3.0,1.0,0.13394036859449127
0.6,3.0,1.0,0.13394036859449127
0.6,3.0,1.0,0.13394036859449127
0.6,3.0,1.0,0.13394036859449127
0.6,3.0,1.0,0.13394036859449127
0.6,3.0,1.0,0.13394036859449127
0.61,4.0,1.0,0.13643806348184062
0.61,4.0,1.0,0.13643806348184062
0.61,4.0,1.0,0.13643806348184062
0.61,4.0,1.0,0.13643806348184062
0.61,4.0,1.0,0.13643806348184062
0.61,4.0,1.0,0.13643806348184062
0.61,4.0,1.0,0.13643806348184062
0.61,4.0,1.0,0.13643806348184062
0.61,4.0,1.0,0.13643806348184062
0.62,5.0,1.0,0.15064340946088256
0.62,5.0,1.0,0.15064340946088256
0.62,5.0,1.0,0.15064340946088256
0.62,5.0,1.0,0.15064340946088256
0.62,5.0,1.0,0.15064340946088256
0.62,5.0,1.0,0.15064340946088256
0.63,3.0,1.0,0.17443205819931945
0.63,3.0,1.0,0.17443205819931945
0.63,3.0,1.0,0.17443205819931945
0.63,3.0,1.0,0.17443205819931945
0.63,3.0,1.0,0.17443205819931945
0.63,3.0,1.0,0.17443205819931945
0.63,3.0,1.0,0.17443205819931945
0.63,3.0,1.0,0.17443205819931945
0.64,3.0,1.0,0.18084667824192
0.64,3.0,1.0,0.18084667824192
0.64,3.0,1.0,0.18084667824192
0.64,3.0,1.0,0.18084667824192
0.64,3.0,1.0,0.18084667824192
0.64,3.0,1.0,0.18084667824192
0.64,3.0,1.0,0.18084667824192
0.64,3.0,1.0,0.18084667824192
0.65,3.0,1.0,0.1878662949809148
0.65,3.0,1.0,0.1878662949809148
0.65,3.0,1.0,0.1878662949809148
0.65,3.0,1.0,0.1878662949809148
0.65,3.0,1.0,0.1878662949809148
0.65,3.0,1.0,0.1878662949809148
0.65,3.0,1.0,0.1878662949809148
0.65,3.0,1.0,0.1878662949809148
0.66,3.0,1.0,0.20019685313605118
0.66,3.0,1.0,0.20019685313605118
0.66,3.0,1.0,0.20019685313605118
0.66,3.0,1.0,0.20019685313605118
0.66,3.0,1.0,0.20019685313605118
0.66,3.0,1.0,0.20019685313605118
0.66,3.0,1.0,0.20019685313605118
0.66,3.0,1.0,0.20019685313605118
0.67,3.0,1.0,0.2099780034467399
0.67,3.0,1.0,0.2099780034467399
0.67,3.0,1.0,0.2099780034467399
0.67,3.0,1.0,0.2099780034467399
0.67,3.0,1.0,0.2099780034467399
0.67,3.0,1.0,0.2099780034467399
0.67,3.0,1.0,0.2099780034467399
0.67,3.0,1.0,0.2099780034467399
0.68,3.0,1.0,0.21100187704795906
0.68,3.0,1.0,0.21100187704795906
0.68,3.0,1.0,0.21100187704795906
0.68,3.0,1.0,0.21100187704795906
0.68,3.0,1.0,0.21100187704795906
0.68,3.0,1.0,0.21100187704795906
0.68,3.0,1.0,0.21100187704795906
0.68,3.0,1.0,0.21100187704795906
0.6900000000000001,3.0,1.0,0.22175780544607315
0.6900000000000001,3.0,1.0,0.22175780544607315
0.6900000000000001,3.0,1.0,0.22175780544607315
0.6900000000000001,3.0,1.0,0.22175780544607315
0.6900000000000001,3.0,1.0,0.22175780544607315
0.6900000000000001,3.0,1.0,0.22175780544607315
0.6900000000000001,3.0,1.0,0.22175780544607315
0.6900000000000001,3.0,1.0,0.22175780544607315
0.7000000000000001,3.0,1.0,0.22391328764201074
0.7000000000000001,3.0,1.0,0.22391328764201074
0.7000000000000001,3.0,1.0,0.22391328764201074
0.7000000000000001,3.0,1.0,0.22391328764201074
0.7000000000000001,3.0,1.0,0.22391328764201074
0.7000000000000001,3.0,1.0,0.22391328764201074
0.7000000000000001,3.0,1.0,0.22391328764201074
0.7000000000000001,3.0,1.0,0.22391328764201074
0.7000000000000001,3.0,1.0,0.22391328764201074
0.7000000000000001,3.0,1.0,0.22391328764201074
0.7000000000000001,3.0,1.0,0.22391328764201074
0.7000000000000001,3.0,1.0,0.22391328764201074
0.7000000000000001,3.0,1.0,0.22391328764201074
0.7000000000000001,3.0,1.0,0.22391328764201074
0.7000000000000001,3.0,1.0,0.22391328764201074
0.7000000000000001,3.0,1.0,0.22391328764201074
0.7000000000000001,3.0,1.0,0.22391328764201074
0.72,4.0,1.0,0.23537927020300242
0.72,4.0,1.0,0.23537927020300242
0.72,4.0,1.0,0.23537927020300242
0.72,4.0,1.0,0.23537927020300242
0.72,4.0,1.0,0.23537927020300242
0.72,4.0,1.0,0.23537927020300242
0.72,4.0,1.0,0.23537927020300242
0.72,4.0,1.0,0.23537927020300242
0.73,4.0,1.0,0.24361465817031558
0.73,4.0,1.0,0.24361465817031558
0.73,4.0,1.0,0.24361465817031558
0.73,4.0,1.0,0.24361465817031558
0.73,4.0,1.0,0.24361465817031558
0.73,4.0,1.0,0.24361465817031558
0.73,4.0,1.0,0.24361465817031558
0.73,4.0,1.0,0.24361465817031558
0.74,4.0,1.0,0.24534703283860754
0.74,4.0,1.0,0.24534703283860754
0.74,4.0,1.0,0.24534703283860754
0.74,4.0,1.0,0.24534703283860754
0.74,4.0,1.0,0.24534703283860754
0.74,4.0,1.0,0.24534703283860754
0.74,4.0,1.0,0.24534703283860754
0.74,4.0,1.0,0.24534703283860754
0.75,4.0,1.0,0.25101795725255477
0.75,4.0,1.0,0.25101795725255477
0.75,4.0,1.0,0.25101795725255477
0.75,4.0,1.0,0.25101795725255477
0.75,4.0,1.0,0.25101795725255477
0.75,4.0,1.0,0.25101795725255477
0.75,4.0,1.0,0.25101795725255477
0.75,4.0,1.0,0.25101795725255477
0.76,4.0,1.0,0.2539356319035595
0.76,4.0,1.0,0.2539356319035595
0.76,4.0,1.0,0.2539356319035595
0.76,4.0,1.0,0.2539356319035595
0.76,4.0,1.0,0.2539356319035595
0.76,4.0,1.0,0.2539356319035595
0.76,4.0,1.0,0.2539356319035595
0.76,4.0,1.0,0.2539356319035595
0.77,4.0,1.0,0.25399459565216287
0.77,4.0,1.0,0.25399459565216287
0.77,4.0,1.0,0.25399459565216287
0.77,4.0,1.0,0.25399459565216287
0.77,4.0,1.0,0.25399459565216287
0.77,4.0,1.0,0.25399459565216287
0.77,4.0,1.0,0.25399459565216287
0.77,4.0,1.0,0.25399459565216287
0.78,4.0,1.0,0.26740877376269995
0.78,4.0,1.0,0.26740877376269995
0.78,4.0,1.0,0.26740877376269995
0.78,4.0,1.0,0.26740877376269995
0.78,4.0,1.0,0.26740877376269995
0.78,4.0,1.0,0.26740877376269995
0.78,4.0,1.0,0.26740877376269995
0.78,4.0,1.0,0.26740877376269995
0.79,4.0,1.0,0.271459446647185
0.79,4.0,1.0,0.271459446647185
0.79,4.0,1.0,0.271459446647185
0.79,4.0,1.0,0.271459446647185
0.79,4.0,1.0,0.271459446647185
0.79,4.0,1.0,0.271459446647185
0.79,4.0,1.0,0.271459446647185
0.79,4.0,1.0,0.271459446647185
0.79,4.0,1.0,0.271459446647185
0.8,5.0,1.0,0.2727196007584189
0.8,5.0,1.0,0.2727196007584189
0.8,5.0,1.0,0.2727196007584189
0.8,5.0,1.0,0.2727196007584189
0.8,5.0,1.0,0.2727196007584189
0.8,5.0,1.0,0.2727196007584189
0.8,5.0,1.0,0.2727196007584189
0.8,5.0,1.0,0.2727196007584189
0.81,5.0,1.0,0.28068113798636535
0.81,5.0,1.0,0.28068113798636535
0.81,5.0,1.0,0.28068113798636535
0.81,5.0,1.0,0.28068113798636535
0.81,5.0,1.0,0.28068113798636535
0.81,5.0,1.0,0.28068113798636535
0.81,5.0,1.0,0.28068113798636535
0.81,5.0,1.0,0.28068113798636535
0.81,5.0,1.0,0.28068113798636535
0.81,5.0,1.0,0.28068113798636535
0.81,5.0,1.0,0.28068113798636535
0.81,5.0,1.0,0.28068113798636535
0.81,5.0,1.0,0.28068113798636535
0.81,5.0,1.0,0.28068113798636535
0.81,5.0,1.0,0.28068113798636535
0.81,5.0,1.0,0.28068113798636535
0.8300000000000001,5.0,1.0,0.2854512626930218
0.8300000000000001,5.0,1.0,0.2854512626930218
0.8300000000000001,5.0,1.0,0.2854512626930218
0.8300000000000001,5.0,1.0,0.2854512626930218
0.8300000000000001,5.0,1.0,0.2854512626930218
0.8300000000000001,5.0,1.0,0.2854512626930218
0.8300000000000001,5.0,1.0,0.2854512626930218
0.8300000000000001,5.0,1.0,0.2854512626930218
0.8400000000000001,5.0,1.0,0.29448442303510586
0.8400000000000001,5.0,1.0,0.29448442303510586
0.8400000000000001,5.0,1.0,0.29448442303510586
0.8400000000000001,5.0,1.0,0.29448442303510586
0.8400000000000001,5.0,1.0,0.29448442303510586
0.8400000000000001,5.0,1.0,0.29448442303510586
0.8400000000000001,5.0,1.0,0.29448442303510586
0.8400000000000001,5.0,1.0,0.29448442303510586
0.85,5.0,1.0,0.303655681821123
0.85,5.0,1.0,0.303655681821123
0.85,5.0,1.0,0.303655681821123
0.85,5.0,1.0,0.303655681821123
0.85,5.0,1.0,0.303655681821123
0.85,5.0,1.0,0.303655681821123
0.85,5.0,1.0,0.303655681821123
0.85,5.0,1.0,0.303655681821123
0.86,5.0,1.0,0.31199193398060626
0.86,5.0,1.0,0.31199193398060626
0.86,5.0,1.0,0.31199193398060626
0.86,5.0,1.0,0.31199193398060626
0.86,5.0,1.0,0.31199193398060626
0.86,5.0,1.0,0.31199193398060626
0.86,5.0,1.0,0.31199193398060626
0.86,5.0,1.0,0.31199193398060626
0.87,5.0,1.0,0.31405573723962527
0.87,5.0,1.0,0.31405573723962527
0.87,5.0,1.0,0.31405573723962527
0.87,5.0,1.0,0.31405573723962527
0.87,5.0,1.0,0.31405573723962527
0.87,5.0,1.0,0.31405573723962527
0.87,5.0,1.0,0.31405573723962527
0.87,5.0,1.0,0.31405573723962527
0.88,5.0,1.0,0.31884363447410763
0.88,5.0,1.0,0.31884363447410763
0.88,5.0,1.0,0.31884363447410763
0.88,5.0,1.0,0.31884363447410763
0.88,5.0,1.0,0.31884363447410763
0.88,5.0,1.0,0.31884363447410763
0.88,5.0,1.0,0.31884363447410763
0.88,5.0,1.0,0.31884363447410763
0.88,5.0,1.0,0.31884363447410763
0.88,5.0,1.0,0.31884363447410763
0.88,5.0,1.0,0.31884363447410763
0.88,5.0,1.0,0.31884363447410763
0.88,5.0,1.0,0.31884363447410763
0.88,5.0,1.0,0.31884363447410763
0.88,5.0,1.0,0.31884363447410763
0.88,5.0,1.0,0.31884363447410763
0.9,5.0,1.0,0.31929404115699483
0.9,5.0,1.0,0.31929404115699483
0.9,5.0,1.0,0.31929404115699483
0.9,5.0,1.0,0.31929404115699483
0.9,5.0,1.0,0.31929404115699483
0.9,5.0,1.0,0.31929404115699483
0.9,5.0,1.0,0.31929404115699483
0.9,5.0,1.0,0.31929404115699483
0.91,5.0,1.0,0.3262473060682196
0.91,5.0,1.0,0.3262473060682196
0.91,5.0,1.0,0.3262473060682196
0.91,5.0,1.0,0.3262473060682196
0.91,5.0,1.0,0.3262473060682196
0.91,5.0,1.0,0.3262473060682196
0.91,5.0,1.0,0.3262473060682196
0.91,5.0,1.0,0.3262473060682196
0.92,5.0,1.0,0.3305628029172698
0.92,5.0,1.0,0.3305628029172698
0.92,5.0,1.0,0.3305628029172698
0.92,5.0,1.0,0.3305628029172698
0.92,5.0,1.0,0.3305628029172698
0.92,5.0,1.0,0.3305628029172698
0.92,5.0,1.0,0.3305628029172698
0.92,5.0,1.0,0.3305628029172698
0.93,5.0,1.0,0.3313597942346897
0.93,5.0,1.0,0.3313597942346897
0.93,5.0,1.0,0.3313597942346897
0.93,5.0,1.0,0.3313597942346897
0.93,5.0,1.0,0.3313597942346897
0.93,5.0,1.0,0.3313597942346897
0.93,5.0,1.0,0.3313597942346897
0.93,5.0,1.0,0.3313597942346897
0.9400000000000001,5.0,1.0,0.3334093778644196
0.9400000000000001,5.0,1.0,0.3334093778644196
0.9400000000000001,5.0,1.0,0.3334093778644196
0.9400000000000001,5.0,1.0,0.3334093778644196
0.9400000000000001,5.0,1.0,0.3334093778644196
0.9400000000000001,5.0,1.0,0.3334093778644196
0.9400000000000001,5.0,1.0,0.3334093778644196
0.9400000000000001,5.0,1.0,0.3334093778644196
0.9500000000000001,5.0,1.0,0.33588556301241096
0.9500000000000001,5.0,1.0,0.33588556301241096
0.9500000000000001,5.0,1.0,0.33588556301241096
0.9500000000000001,5.0,1.0,0.33588556301241096
0.9500000000000001,5.0,1.0,0.33588556301241096
0.9500000000000001,5.0,1.0,0.33588556301241096
0.9500000000000001,5.0,1.0,0.33588556301241096
0.9500000000000001,5.0,1.0,0.33588556301241096
0.9500000000000001,5.0,1.0,0.33588556301241096
0.9500000000000001,5.0,1.0,0.33588556301241096
0.9500000000000001,5.0,1.0,0.33588556301241096
0.9500000000000001,5.0,1.0,0.33588556301241096
0.9500000000000001,5.0,1.0,0.33588556301241096
0.9500000000000001,5.0,1.0,0.33588556301241096
0.9500000000000001,5.0,1.0,0.33588556301241096
0.9500000000000001,5.0,1.0,0.33588556301241096
0.97,5.0,1.0,0.33839443248321865
0.97,5.0,1.0,0.33839443248321865
0.97,5.0,1.0,0.33839443248321865
0.97,5.0,1.0,0.33839443248321865
0.97,5.0,1.0,0.33839443248321865
0.97,5.0,1.0,0.33839443248321865
0.97,5.0,1.0,0.33839443248321865
0.97,5.0,1.0,0.33839443248321865
0.97,5.0,1.0,0.33839443248321865
0.97,5.0,1.0,0.33839443248321865
0.97,5.0,1.0,0.33839443248321865
0.97,5.0,1.0,0.33839443248321865
0.97,5.0,1.0,0.33839443248321865
0.97,5.0,1.0,0.33839443248321865
0.97,5.0,1.0,0.33839443248321865
0.97,5.0,1.0,0.33839443248321865
0.99,5.0,1.0,0.34028202303088856
0.99,5.0,1.0,0.34028202303088856
0.99,5.0,1.0,0.34028202303088856
0.99,5.0,1.0,0.34028202303088856
0.99,5.0,1.0,0.34028202303088856
0.99,5.0,1.0,0.34028202303088856
0.99,5.0,1.0,0.34028202303088856
0.99,5.0,1.0,0.34028202303088856
1.0,5.0,1.0,0.34066607243766384
1.0,5.0,1.0,0.34066607243766384
1.0,5.0,1.0,0.34066607243766384
1.0,5.0,1.0,0.34066607243766384
1.0,5.0,1.0,0.34066607243766384
1.0,5.0,1.0,0.34066607243766384
1.0,5.0,1.0,0.34066607243766384
1.0,5.0,1.0,0.34066607243766384
1.0,5.0,1.0,0.34066607243766384
1.01,6.0,1.0,0.34994451459042575
1.01,6.0,1.0,0.34994451459042575
1.01,6.0,1.0,0.34994451459042575
1.01,6.0,1.0,0.34994451459042575
1.01,6.0,1.0,0.34994451459042575
1.01,6.0,1.0,0.34994451459042575
1.01,6.0,1.0,0.34994451459042575
1.01,6.0,1.0,0.34994451459042575
1.02,6.0,1.0,0.3537872637994131
1.02,6.0,1.0,0.3537872637994131
1.02,6.0,1.0,0.3537872637994131
1.02,6.0,1.0,0.3537872637994131
1.02,6.0,1.0,0.3537872637994131
1.02,6.0,1.0,0.3537872637994131
1.02,6.0,1.0,0.3537872637994131
1.02,6.0,1.0,0.3537872637994131
1.03,6.0,1.0,0.36335411059346806
1.03,6.0,1.0,0.36335411059346806
1.03,6.0,1.0,0.36335411059346806
1.03,6.0,1.0,0.36335411059346806
1.03,6.0,1.0,0.36335411059346806
1.03,6.0,1.0,0.36335411059346806
1.03,6.0,1.0,0.36335411059346806
1.03,6.0,1.0,0.36335411059346806
1.04,6.0,1.0,0.36416617802686196
1.04,6.0,1.0,0.36416617802686196
1.04,6.0,1.0,0.36416617802686196
1.04,6.0,1.0,0.36416617802686196
1.04,6.0,1.0,0.36416617802686196
1.04,6.0,1.0,0.36416617802686196
1.04,6.0,1.0,0.36416617802686196
1.04,6.0,1.0,0.36416617802686196
1.05,6.0,1.0,0.36811404544690995
1.05,6.0,1.0,0.36811404544690995
1.05,6.0,1.0,0.36811404544690995
1.05,6.0,1.0,0.36811404544690995
1.05,6.0,1.0,0.36811404544690995
1.05,6.0,1.0,0.36811404544690995
1.05,6.0,1.0,0.36811404544690995
1.05,6.0,1.0,0.36811404544690995
1.06,6.0,1.0,0.3733852688101308
1.06,6.0,1.0,0.3733852688101308
1.06,6.0,1.0,0.3733852688101308
1.06,6.0,1.0,0.3733852688101308
1.06,6.0,1.0,0.3733852688101308
1.06,6.0,1.0,0.3733852688101308
1.06,6.0,1.0,0.3733852688101308
1.06,6.0,1.0,0.3733852688101308
1.07,6.0,1.0,0.37627365162908055
1.07,6.0,1.0,0.37627365162908055
1.07,6.0,1.0,0.37627365162908055
1.07,6.0,1.0,0.37627365162908055
1.07,6.0,1.0,0.37627365162908055
1.07,6.0,1.0,0.37627365162908055
1.07,6.0,1.0,0.37627365162908055
1.07,6.0,1.0,0.37627365162908055
1.07,6.0,1.0,0.37627365162908055
1.07,6.0,1.0,0.37627365162908055
1.07,6.0,1.0,0.37627365162908055
1.07,6.0,1.0,0.37627365162908055
1.07,6.0,1.0,0.37627365162908055
1.07,6.0,1.0,0.37627365162908055
1.07,6.0,1.0,0.37627365162908055
1.07,6.0,1.0,0.37627365162908055
1.09,6.0,1.0,0.3808200605785067
1.09,6.0,1.0,0.3808200605785067
1.09,6.0,1.0,0.3808200605785067
1.09,6.0,1.0,0.3808200605785067
1.1,2.0,1.0,0.41785671861467893
1.1,2.0,1.0,0.41785671861467893
1.1,2.0,1.0,0.41785671861467893
1.1,2.0,1.0,0.41785671861467893
1.1,2.0,1.0,0.41785671861467893
1.1,2.0,1.0,0.41785671861467893
1.1,2.0,1.0,0.41785671861467893
1.1,2.0,1.0,0.41785671861467893
1.11,2.0,1.0,0.4220244929693902
1.11,2.0,1.0,0.4220244929693902
1.11,4.0,1.0,0.4234922935753295
1.11,4.0,1.0,0.4234922935753295
1.11,4.0,1.0,0.4234922935753295
1.11,4.0,1.0,0.4234922935753295
1.11,4.0,1.0,0.4234922935753295
1.11,4.0,1.0,0.4234922935753295
1.12,2.0,1.0,0.43115449905971226
1.12,2.0,1.0,0.43115449905971226
1.12,4.0,1.0,0.4321243291683983
1.12,4.0,1.0,0.4321243291683983
1.12,4.0,1.0,0.4321243291683983
1.12,4.0,1.0,0.4321243291683983
1.12,4.0,1.0,0.4321243291683983
1.12,4.0,1.0,0.4321243291683983
1.1300000000000001,2.0,1.0,0.4363923037124864
1.1300000000000001,2.0,1.0,0.4363923037124864
1.1300000000000001,2.0,1.0,0.4363923037124864
1.1300000000000001,2.0,1.0,0.4363923037124864
1.1300000000000001,2.0,1.0,0.4363923037124864
1.1300000000000001,2.0,1.0,0.4363923037124864
1.1300000000000001,2.0,1.0,0.4363923037124864
1.1300000000000001,2.0,1.0,0.4363923037124864
1.1400000000000001,2.0,1.0,0.4434392646091176
1.1400000000000001,2.0,1.0,0.4434392646091176
1.1400000000000001,2.0,1.0,0.4434392646091176
1.1400000000000001,2.0,1.0,0.4434392646091176
1.1400000000000001,2.0,1.0,0.4434392646091176
1.1400000000000001,2.0,1.0,0.4434392646091176
1.1400000000000001,2.0,1.0,0.4434392646091176
1.1400000000000001,2.0,1.0,0.4434392646091176
1.1400000000000001,2.0,1.0,0.4434392646091176
1.1400000000000001,2.0,1.0,0.4434392646091176
1.1400000000000001,2.0,1.0,0.4434392646091176
1.1400000000000001,2.0,1.0,0.4434392646091176
1.1400000000000001,2.0,1.0,0.4434392646091176
1.1400000000000001,2.0,1.0,0.4434392646091176
1.1400000000000001,2.0,1.0,0.4434392646091176
1.1400000000000001,2.0,1.0,0.4434392646091176
1.1400000000000001,2.0,1.0,0.4434392646091176
1.1400000000000001,2.0,1.0,0.4434392646091176
1.1400000000000001,2.0,1.0,0.4434392646091176
1.1400000000000001,2.0,1.0,0.4434392646091176
1.1400000000000001,2.0,1.0,0.4434392646091176
1.1400000000000001,2.0,1.0,0.4434392646091176
1.1400000000000001,2.0,1.0,0.4434392646091176
1.1400000000000001,2.0,1.0,0.4434392646091176
1.1400000000000001,2.0,1.0,0.4434392646091176
1.1400000000000001,2.0,1.0,0.4434392646091176
1.1400000000000001,2.0,1.0,0.4434392646091176
1.1400000000000001,2.0,1.0,0.4434392646091176
1.1400000000000001,2.0,1.0,0.4434392646091176
1.1400000000000001,2.0,1.0,0.4434392646091176
1.1400000000000001,2.0,1.0,0.4434392646091176
1.1400000000000001,2.0,1.0,0.4434392646091176
1.18,2.0,1.0,0.4456196017917141
1.18,2.0,1.0,0.4456196017917141
1.18,2.0,1.0,0.4456196017917141
1.18,2.0,1.0,0.4456196017917141
1.18,2.0,1.0,0.4456196017917141
1.18,2.0,1.0,0.4456196017917141
1.18,2.0,1.0,0.4456196017917141
1.18,2.0,1.0,0.4456196017917141
1.18,2.0,1.0,0.4456196017917141
1.18,2.0,1.0,0.4456196017917141
1.18,2.0,1.0,0.4456196017917141
1.18,2.0,1.0,0.4456196017917141
1.18,2.0,1.0,0.4456196017917141
1.18,2.0,1.0,0.4456196017917141
1.18,2.0,1.0,0.4456196017917141
1.18,2.0,1.0,0.4456196017917141
1.18,2.0,1.0,0.4456196017917141
1.18,2.0,1.0,0.4456196017917141
1.18,2.0,1.0,0.4456196017917141
1.2,5.0,1.0,0.44573641287048166
1.2,5.0,1.0,0.44573641287048166
1.2,5.0,1.0,0.44573641287048166
1.2,5.0,1.0,0.44573641287048166
1.2,5.0,1.0,0.44573641287048166
1.2,5.0,1.0,0.44573641287048166
1.2,5.0,1.0,0.44573641287048166
1.2,5.0,1.0,0.44573641287048166
1.2,5.0,1.0,0.44573641287048166
1.2,5.0,1.0,0.44573641287048166
1.2,5.0,1.0,0.44573641287048166
1.2,5.0,1.0,0.44573641287048166
1.2,5.0,1.0,0.44573641287048166
1.2,5.0,1.0,0.44573641287048166
1.2,5.0,1.0,0.44573641287048166
1.2,5.0,1.0,0.44573641287048166
1.2,5.0,1.0,0.44573641287048166
1.2,5.0,1.0,0.44573641287048166
1.2,5.0,1.0,0.44573641287048166
1.2,5.0,1.0,0.44573641287048166
1.2,5.0,1.0,0.44573641287048166
1.23,2.0,1.0,0.4530947862598404
1.23,2.0,1.0,0.4530947862598404
1.23,2.0,1.0,0.4530947862598404
1.23,2.0,1.0,0.4530947862598404
1.23,2.0,1.0,0.4530947862598404
1.23,2.0,1.0,0.4530947862598404
1.23,2.0,1.0,0.4530947862598404
1.23,2.0,1.0,0.4530947862598404
1.23,2.0,1.0,0.4530947862598404
1.23,2.0,1.0,0.4530947862598404
1.23,2.0,1.0,0.4530947862598404
1.23,2.0,1.0,0.4530947862598404
1.23,2.0,1.0,0.4530947862598404
1.23,2.0,1.0,0.4530947862598404
1.23,2.0,1.0,0.4530947862598404
1.23,2.0,1.0,0.4530947862598404
1.23,2.0,1.0,0.4530947862598404
1.23,2.0,1.0,0.4530947862598404
1.23,2.0,1.0,0.4530947862598404
1.23,2.0,1.0,0.4530947862598404
1.23,2.0,1.0,0.4530947862598404
1.23,2.0,1.0,0.4530947862598404
1.23,2.0,1.0,0.4530947862598404
1.23,2.0,1.0,0.4530947862598404
1.23,2.0,1.0,0.4530947862598404
1.23,2.0,1.0,0.4530947862598404
1.23,2.0,1.0,0.4530947862598404
1.23,2.0,1.0,0.4530947862598404
1.23,2.0,1.0,0.4530947862598404
1.23,2.0,1.0,0.4530947862598404
1.23,2.0,1.0,0.4530947862598404
1.23,2.0,1.0,0.4530947862598404
1.23,2.0,1.0,0.4530947862598404
1.23,2.0,1.0,0.4530947862598404
1.23,2.0,1.0,0.4530947862598404
1.23,2.0,1.0,0.4530947862598404
1.23,2.0,1.0,0.4530947862598404
1.23,2.0,1.0,0.4530947862598404
1.23,2.0,1.0,0.4530947862598404
1.23,2.0,1.0,0.4530947862598404
1.23,2.0,1.0,0.4530947862598404
1.23,2.0,1.0,0.4530947862598404
1.23,2.0,1.0,0.4530947862598404
1.23,2.0,1.0,0.4530947862598404
1.23,2.0,1.0,0.4530947862598404
1.23,2.0,1.0,0.4530947862598404
1.23,2.0,1.0,0.4530947862598404
1.23,2.0,1.0,0.4530947862598404
1.23,2.0,1.0,0.4530947862598404
1.29,3.0,1.0,0.4600088556074297
1.29,3.0,1.0,0.4600088556074297
1.29,3.0,1.0,0.4600088556074297
1.29,3.0,1.0,0.4600088556074297
1.29,3.0,1.0,0.4600088556074297
1.29,3.0,1.0,0.4600088556074297
1.29,3.0,1.0,0.4600088556074297
1.3,2.0,1.0,0.4787921651128397
1.3,2.0,1.0,0.4787921651128397
1.3,2.0,1.0,0.4787921651128397
1.3,2.0,1.0,0.4787921651128397
1.3,2.0,1.0,0.4787921651128397
1.3,2.0,1.0,0.4787921651128397
1.3,2.0,1.0,0.4787921651128397
1.3,2.0,1.0,0.4787921651128397
1.3,2.0,1.0,0.4787921651128397
1.3,2.0,1.0,0.4787921651128397
1.3,2.0,1.0,0.4787921651128397
1.3,2.0,1.0,0.4787921651128397
1.3,2.0,1.0,0.4787921651128397
1.3,2.0,1.0,0.4787921651128397
1.3,2.0,1.0,0.4787921651128397
1.3,2.0,1.0,0.4787921651128397
1.3,2.0,1.0,0.4787921651128397
1.3,2.0,1.0,0.4787921651128397
1.3,2.0,1.0,0.4787921651128397
1.3,2.0,1.0,0.4787921651128397
1.3,2.0,1.0,0.4787921651128397
1.3,2.0,1.0,0.4787921651128397
1.3,2.0,1.0,0.4787921651128397
1.3,2.0,1.0,0.4787921651128397
1.33,2.0,1.0,0.4809430611239295
1.33,2.0,1.0,0.4809430611239295
1.33,2.0,1.0,0.4809430611239295
1.33,2.0,1.0,0.4809430611239295
1.33,2.0,1.0,0.4809430611239295
1.33,2.0,1.0,0.4809430611239295
1.33,2.0,1.0,0.4809430611239295
1.33,2.0,1.0,0.4809430611239295
1.33,2.0,1.0,0.4809430611239295
1.33,2.0,1.0,0.4809430611239295
1.33,2.0,1.0,0.4809430611239295
1.33,2.0,1.0,0.4809430611239295
1.33,2.0,1.0,0.4809430611239295
1.33,2.0,1.0,0.4809430611239295
1.33,2.0,1.0,0.4809430611239295
1.33,2.0,1.0,0.4809430611239295
1.35,2.0,1.0,0.48558532378777014
1.35,2.0,1.0,0.48558532378777014
1.35,2.0,1.0,0.48558532378777014
1.35,2.0,1.0,0.48558532378777014
1.35,2.0,1.0,0.48558532378777014
1.35,2.0,1.0,0.48558532378777014
1.35,2.0,1.0,0.48558532378777014
1.35,2.0,1.0,0.48558532378777014
1.35,2.0,1.0,0.48558532378777014
1.35,2.0,1.0,0.48558532378777014
1.35,2.0,1.0,0.48558532378777014
1.35,2.0,1.0,0.48558532378777014
1.35,2.0,1.0,0.48558532378777014
1.35,2.0,1.0,0.48558532378777014
1.35,2.0,1.0,0.48558532378777014
1.35,2.0,1.0,0.48558532378777014
1.35,2.0,1.0,0.48558532378777014
1.35,2.0,1.0,0.48558532378777014
1.35,2.0,1.0,0.48558532378777014
1.35,2.0,1.0,0.48558532378777014
1.35,2.0,1.0,0.48558532378777014
1.35,2.0,1.0,0.48558532378777014
1.35,2.0,1.0,0.48558532378777014
1.35,2.0,1.0,0.48558532378777014
1.3800000000000001,2.0,1.0,0.4872506913450423
1.3800000000000001,2.0,1.0,0.4872506913450423
1.3800000000000001,2.0,1.0,0.4872506913450423
1.3800000000000001,2.0,1.0,0.4872506913450423
1.3800000000000001,2.0,1.0,0.4872506913450423
1.3800000000000001,2.0,1.0,0.4872506913450423
1.3800000000000001,2.0,1.0,0.4872506913450423
1.3800000000000001,2.0,1.0,0.4872506913450423
1.3800000000000001,2.0,1.0,0.4872506913450423
1.3800000000000001,2.0,1.0,0.4872506913450423
1.3800000000000001,2.0,1.0,0.4872506913450423
1.3800000000000001,2.0,1.0,0.4872506913450423
1.3800000000000001,2.0,1.0,0.4872506913450423
1.3800000000000001,2.0,1.0,0.4872506913450423
1.3800000000000001,2.0,1.0,0.4872506913450423
1.3800000000000001,2.0,1.0,0.4872506913450423
1.3800000000000001,2.0,1.0,0.4872506913450423
1.3800000000000001,2.0,1.0,0.4872506913450423
1.3800000000000001,2.0,1.0,0.4872506913450423
1.3800000000000001,2.0,1.0,0.4872506913450423
1.3800000000000001,2.0,1.0,0.4872506913450423
1.3800000000000001,2.0,1.0,0.4872506913450423
1.3800000000000001,2.0,1.0,0.4872506913450423
1.3800000000000001,2.0,1.0,0.4872506913450423
1.4100000000000001,2.0,1.0,0.4904609817813071
1.4100000000000001,2.0,1.0,0.4904609817813071
1.4100000000000001,2.0,1.0,0.4904609817813071
1.4100000000000001,2.0,1.0,0.4904609817813071
1.4100000000000001,2.0,1.0,0.4904609817813071
1.4100000000000001,2.0,1.0,0.4904609817813071
1.4100000000000001,2.0,1.0,0.4904609817813071
1.4100000000000001,2.0,1.0,0.4904609817813071
1.4100000000000001,2.0,1.0,0.4904609817813071
1.4100000000000001,2.0,1.0,0.4904609817813071
1.4100000000000001,2.0,1.0,0.4904609817813071
1.4100000000000001,2.0,1.0,0.4904609817813071
1.4100000000000001,2.0,1.0,0.4904609817813071
1.4100000000000001,2.0,1.0,0.4904609817813071
1.4100000000000001,2.0,1.0,0.4904609817813071
1.4100000000000001,2.0,1.0,0.4904609817813071
1.43,2.0,1.0,0.4986165293931822
1.43,2.0,1.0,0.4986165293931822
1.43,2.0,1.0,0.4986165293931822
1.43,2.0,1.0,0.4986165293931822
1.43,2.0,1.0,0.4986165293931822
1.43,2.0,1.0,0.4986165293931822
1.43,2.0,1.0,0.4986165293931822
1.43,2.0,1.0,0.4986165293931822
1.43,2.0,1.0,0.4986165293931822
1.43,2.0,1.0,0.4986165293931822
1.43,2.0,1.0,0.4986165293931822
1.43,2.0,1.0,0.4986165293931822
1.43,2.0,1.0,0.4986165293931822
1.43,2.0,1.0,0.4986165293931822
1.43,2.0,1.0,0.4986165293931822
1.43,2.0,1.0,0.4986165293931822
1.43,2.0,1.0,0.4986165293931822
1.43,2.0,1.0,0.4986165293931822
1.43,2.0,1.0,0.4986165293931822
1.43,2.0,1.0,0.4986165293931822
1.43,2.0,1.0,0.4986165293931822
1.43,2.0,1.0,0.4986165293931822
1.43,2.0,1.0,0.4986165293931822
1.43,2.0,1.0,0.4986165293931822
1.43,2.0,1.0,0.4986165293931822
1.43,2.0,1.0,0.4986165293931822
1.43,2.0,1.0,0.4986165293931822
1.43,2.0,1.0,0.4986165293931822
1.43,2.0,1.0,0.4986165293931822
1.43,2.0,1.0,0.4986165293931822
1.43,2.0,1.0,0.4986165293931822
1.43,2.0,1.0,0.4986165293931822
1.43,2.0,1.0,0.4986165293931822
1.43,2.0,1.0,0.4986165293931822
1.43,2.0,1.0,0.4986165293931822
1.43,2.0,1.0,0.4986165293931822
1.43,2.0,1.0,0.4986165293931822
1.43,2.0,1.0,0.4986165293931822
1.43,2.0,1.0,0.4986165293931822
1.43,2.0,1.0,0.4986165293931822
1.43,2.0,1.0,0.4986165293931822
1.43,2.0,1.0,0.4986165293931822
1.43,2.0,1.0,0.4986165293931822
1.43,2.0,1.0,0.4986165293931822
1.43,2.0,1.0,0.4986165293931822
1.43,2.0,1.0,0.4986165293931822
1.43,2.0,1.0,0.4986165293931822
1.43,2.0,1.0,0.4986165293931822
1.43,2.0,1.0,0.4986165293931822
1.43,2.0,1.0,0.4986165293931822
1.43,2.0,1.0,0.4986165293931822
1.43,2.0,1.0,0.4986165293931822
1.43,2.0,1.0,0.4986165293931822
1.43,2.0,1.0,0.4986165293931822
1.43,2.0,1.0,0.4986165293931822
1.43,2.0,1.0,0.4986165293931822
1.43,2.0,1.0,0.4986165293931822
1.43,2.0,1.0,0.4986165293931822
1.43,2.0,1.0,0.4986165293931822
1.43,2.0,1.0,0.4986165293931822
1.43,2.0,1.0,0.4986165293931822
1.43,2.0,1.0,0.4986165293931822
1.43,2.0,1.0,0.4986165293931822
1.43,2.0,1.0,0.4986165293931822
1.43,2.0,1.0,0.4986165293931822
1.43,2.0,1.0,0.4986165293931822
1.43,2.0,1.0,0.4986165293931822
1.43,2.0,1.0,0.4986165293931822
1.43,2.0,1.0,0.4986165293931822
1.43,2.0,1.0,0.4986165293931822
1.43,2.0,1.0,0.4986165293931822
1.43,2.0,1.0,0.4986165293931822
1.43,2.0,1.0,0.4986165293931822
1.43,2.0,1.0,0.4986165293931822
1.43,2.0,1.0,0.4986165293931822
1.43,2.0,1.0,0.4986165293931822
1.43,2.0,1.0,0.4986165293931822
1.43,2.0,1.0,0.4986165293931822
1.43,2.0,1.0,0.4986165293931822
1.43,2.0,1.0,0.4986165293931822
1.43,2.0,1.0,0.4986165293931822
1.43,2.0,1.0,0.4986165293931822
1.43,2.0,1.0,0.4986165293931822
1.43,2.0,1.0,0.4986165293931822
1.43,2.0,1.0,0.4986165293931822
1.43,2.0,1.0,0.4986165293931822
1.43,2.0,1.0,0.4986165293931822
1.43,2.0,1.0,0.4986165293931822
1.43,2.0,1.0,0.4986165293931822
1.43,2.0,1.0,0.4986165293931822
1.43,2.0,1.0,0.4986165293931822
1.43,2.0,1.0,0.4986165293931822
1.43,2.0,1.0,0.4986165293931822
1.43,2.0,1.0,0.4986165293931822
1.43,2.0,1.0,0.4986165293931822
1.43,2.0,1.0,0.4986165293931822
1.55,2.0,1.0,0.5087661276445115
1.55,2.0,1.0,0.5087661276445115
1.55,2.0,1.0,0.5087661276445115
1.55,5.0,1.0,0.5114759109998865
1.55,5.0,1.0,0.5114759109998865
1.55,5.0,1.0,0.5114759109998865
1.55,5.0,1.0,0.5114759109998865
1.55,5.0,1.0,0.5114759109998865
1.55,5.0,1.0,0.5114759109998865
1.55,5.0,1.0,0.5114759109998865
1.55,5.0,1.0,0.5114759109998865
1.55,5.0,1.0,0.5114759109998865
1.55,5.0,1.0,0.5114759109998865
1.55,5.0,1.0,0.5114759109998865
1.55,5.0,1.0,0.5114759109998865
1.55,5.0,1.0,0.5114759109998865
1.55,5.0,1.0,0.5114759109998865
1.55,5.0,1.0,0.5114759109998865
1.55,5.0,1.0,0.5114759109998865
1.55,5.0,1.0,0.5114759109998865
1.55,5.0,1.0,0.5114759109998865
1.55,5.0,1.0,0.5114759109998865
1.55,5.0,1.0,0.5114759109998865
1.55,5.0,1.0,0.5114759109998865
1.55,5.0,1.0,0.5114759109998865
1.55,5.0,1.0,0.5114759109998865
1.55,5.0,1.0,0.5114759109998865
1.55,5.0,1.0,0.5114759109998865
1.55,5.0,1.0,0.5114759109998865
1.55,5.0,1.0,0.5114759109998865
1.55,5.0,1.0,0.5114759109998865
1.55,5.0,1.0,0.5114759109998865
1.55,5.0,1.0,0.5114759109998865
1.55,5.0,1.0,0.5114759109998865
1.55,5.0,1.0,0.5114759109998865
1.55,5.0,1.0,0.5114759109998865
1.55,5.0,1.0,0.5114759109998865
1.55,5.0,1.0,0.5114759109998865
1.55,5.0,1.0,0.5114759109998865
1.55,5.0,1.0,0.5114759109998865
1.55,5.0,1.0,0.5114759109998865
1.55,5.0,1.0,0.5114759109998865
1.55,5.0,1.0,0.5114759109998865
1.55,5.0,1.0,0.5114759109998865
1.55,5.0,1.0,0.5114759109998865
1.55,5.0,1.0,0.5114759109998865
1.55,5.0,1.0,0.5114759109998865
1.55,5.0,1.0,0.5114759109998865
1.55,5.0,1.0,0.5114759109998865
1.55,5.0,1.0,0.5114759109998865
1.55,5.0,1.0,0.5114759109998865
1.55,5.0,1.0,0.5114759109998865
1.55,5.0,1.0,0.5114759109998865
1.55,5.0,1.0,0.5114759109998865
1.55,5.0,1.0,0.5114759109998865
1.55,5.0,1.0,0.5114759109998865
1.55,5.0,1.0,0.5114759109998865
1.55,5.0,1.0,0.5114759109998865
1.55,5.0,1.0,0.5114759109998865
1.55,5.0,1.0,0.5114759109998865
1.55,5.0,1.0,0.5114759109998865
1.55,5.0,1.0,0.5114759109998865
1.55,5.0,1.0,0.5114759109998865
1.55,5.0,1.0,0.5114759109998865
1.55,5.0,1.0,0.5114759109998865
1.55,5.0,1.0,0.5114759109998865
1.55,5.0,1.0,0.5114759109998865
1.55,5.0,1.0,0.5114759109998865
1.55,5.0,1.0,0.5114759109998865
1.55,5.0,1.0,0.5114759109998865
1.55,5.0,1.0,0.5114759109998865
1.55,5.0,1.0,0.5114759109998865
1.55,5.0,1.0,0.5114759109998865
1.55,5.0,1.0,0.5114759109998865
1.55,5.0,1.0,0.5114759109998865
1.55,5.0,1.0,0.5114759109998865
1.55,5.0,1.0,0.5114759109998865
1.55,5.0,1.0,0.5114759109998865
1.55,5.0,1.0,0.5114759109998865
1.55,5.0,1.0,0.5114759109998865
1.55,5.0,1.0,0.5114759109998865
1.55,5.0,1.0,0.5114759109998865
1.55,5.0,1.0,0.5114759109998865
1.55,5.0,1.0,0.5114759109998865
1.55,5.0,1.0,0.5114759109998865
1.55,5.0,1.0,0.5114759109998865
1.55,5.0,1.0,0.5114759109998865
1.55,5.0,1.0,0.5114759109998865
1.6600000000000001,2.0,1.0,0.5133247232061305
1.6600000000000001,2.0,1.0,0.5133247232061305
1.6600000000000001,2.0,1.0,0.5133247232061305
1.6600000000000001,2.0,1.0,0.5133247232061305
1.6600000000000001,2.0,1.0,0.5133247232061305
1.6600000000000001,7.0,1.0,0.5157293729224618
1.6600000000000001,7.0,1.0,0.5157293729224618
1.6600000000000001,7.0,1.0,0.5157293729224618
1.6600000000000001,7.0,1.0,0.5157293729224618
1.6600000000000001,7.0,1.0,0.5157293729224618
1.6600000000000001,7.0,1.0,0.5157293729224618
1.6600000000000001,7.0,1.0,0.5157293729224618
1.6600000000000001,7.0,1.0,0.5157293729224618
1.6600000000000001,7.0,1.0,0.5157293729224618
1.6600000000000001,7.0,1.0,0.5157293729224618
1.6600000000000001,7.0,1.0,0.5157293729224618
1.6600000000000001,7.0,1.0,0.5157293729224618
1.6600000000000001,7.0,1.0,0.5157293729224618
1.6600000000000001,7.0,1.0,0.5157293729224618
1.6600000000000001,7.0,1.0,0.5157293729224618
1.6600000000000001,7.0,1.0,0.5157293729224618
1.6600000000000001,7.0,1.0,0.5157293729224618
1.6600000000000001,7.0,1.0,0.5157293729224618
1.6600000000000001,7.0,1.0,0.5157293729224618
1.6600000000000001,7.0,1.0,0.5157293729224618
1.6600000000000001,7.0,1.0,0.5157293729224618
1.6600000000000001,7.0,1.0,0.5157293729224618
1.6600000000000001,7.0,1.0,0.5157293729224618
1.6600000000000001,7.0,1.0,0.5157293729224618
1.6600000000000001,7.0,1.0,0.5157293729224618
1.6600000000000001,7.0,1.0,0.5157293729224618
1.6600000000000001,7.0,1.0,0.5157293729224618
1.6600000000000001,7.0,1.0,0.5157293729224618
1.6600000000000001,7.0,1.0,0.5157293729224618
1.6600000000000001,7.0,1.0,0.5157293729224618
1.6600000000000001,7.0,1.0,0.5157293729224618
1.6600000000000001,7.0,1.0,0.5157293729224618
1.6600000000000001,7.0,1.0,0.5157293729224618
1.6600000000000001,7.0,1.0,0.5157293729224618
1.6600000000000001,7.0,1.0,0.5157293729224618
1.6600000000000001,7.0,1.0,0.5157293729224618
1.6600000000000001,7.0,1.0,0.5157293729224618
1.6600000000000001,7.0,1.0,0.5157293729224618
1.6600000000000001,7.0,1.0,0.5157293729224618
1.6600000000000001,7.0,1.0,0.5157293729224618
1.6600000000000001,7.0,1.0,0.5157293729224618
1.6600000000000001,7.0,1.0,0.5157293729224618
1.6600000000000001,7.0,1.0,0.5157293729224618
1.72,2.0,1.0,0.5197485508812222
1.72,2.0,1.0,0.5197485508812222
1.72,2.0,1.0,0.5197485508812222
1.72,2.0,1.0,0.5197485508812222
1.72,2.0,1.0,0.5197485508812222
1.72,2.0,1.0,0.5197485508812222
1.72,2.0,1.0,0.5197485508812222
1.72,2.0,1.0,0.5197485508812222
1.72,2.0,1.0,0.5197485508812222
1.72,2.0,1.0,0.5197485508812222
1.72,2.0,1.0,0.5197485508812222
1.72,2.0,1.0,0.5197485508812222
1.72,2.0,1.0,0.5197485508812222
1.72,2.0,1.0,0.5197485508812222
1.72,2.0,1.0,0.5197485508812222
1.72,2.0,1.0,0.5197485508812222
1.72,2.0,1.0,0.5197485508812222
1.72,2.0,1.0,0.5197485508812222
1.72,2.0,1.0,0.5197485508812222
1.72,2.0,1.0,0.5197485508812222
1.72,2.0,1.0,0.5197485508812222
1.72,2.0,1.0,0.5197485508812222
1.72,2.0,1.0,0.5197485508812222
1.72,2.0,1.0,0.5197485508812222
1.72,2.0,1.0,0.5197485508812222
1.72,2.0,1.0,0.5197485508812222
1.72,2.0,1.0,0.5197485508812222
1.72,2.0,1.0,0.5197485508812222
1.72,2.0,1.0,0.5197485508812222
1.72,2.0,1.0,0.5197485508812222
1.72,2.0,1.0,0.5197485508812222
1.72,2.0,1.0,0.5197485508812222
1.76,2.0,1.0,0.5338004388718093
1.76,2.0,1.0,0.5338004388718093
1.76,2.0,1.0,0.5338004388718093
1.76,2.0,1.0,0.5338004388718093
1.76,2.0,1.0,0.5338004388718093
1.76,2.0,1.0,0.5338004388718093
1.76,2.0,1.0,0.5338004388718093
1.76,2.0,1.0,0.5338004388718093
1.76,2.0,1.0,0.5338004388718093
1.76,2.0,1.0,0.5338004388718093
1.76,2.0,1.0,0.5338004388718093
1.76,2.0,1.0,0.5338004388718093
1.76,2.0,1.0,0.5338004388718093
1.76,2.0,1.0,0.5338004388718093
1.76,2.0,1.0,0.5338004388718093
1.76,2.0,1.0,0.5338004388718093
1.76,2.0,1.0,0.5338004388718093
1.76,2.0,1.0,0.5338004388718093
1.76,2.0,1.0,0.5338004388718093
1.76,2.0,1.0,0.5338004388718093
1.76,2.0,1.0,0.5338004388718093
1.76,2.0,1.0,0.5338004388718093
1.76,2.0,1.0,0.5338004388718093
1.76,2.0,1.0,0.5338004388718093
1.76,2.0,1.0,0.5338004388718093
1.76,2.0,1.0,0.5338004388718093
1.76,2.0,1.0,0.5338004388718093
1.76,2.0,1.0,0.5338004388718093
1.76,2.0,1.0,0.5338004388718093
1.76,2.0,1.0,0.5338004388718093
1.76,2.0,1.0,0.5338004388718093
1.76,2.0,1.0,0.5338004388718093
1.76,2.0,1.0,0.5338004388718093
1.76,2.0,1.0,0.5338004388718093
1.76,2.0,1.0,0.5338004388718093
1.76,2.0,1.0,0.5338004388718093
1.76,2.0,1.0,0.5338004388718093
1.76,2.0,1.0,0.5338004388718093
1.76,2.0,1.0,0.5338004388718093
1.76,2.0,1.0,0.5338004388718093
1.76,2.0,1.0,0.5338004388718093
1.76,2.0,1.0,0.5338004388718093
1.76,2.0,1.0,0.5338004388718093
1.76,2.0,1.0,0.5338004388718093
1.76,2.0,1.0,0.5338004388718093
1.76,2.0,1.0,0.5338004388718093
1.76,2.0,1.0,0.5338004388718093
1.76,2.0,1.0,0.5338004388718093
1.76,2.0,1.0,0.5338004388718093
1.76,2.0,1.0,0.5338004388718093
1.76,2.0,1.0,0.5338004388718093
1.76,2.0,1.0,0.5338004388718093
1.76,2.0,1.0,0.5338004388718093
1.76,2.0,1.0,0.5338004388718093
1.76,2.0,1.0,0.5338004388718093
1.76,2.0,1.0,0.5338004388718093
1.76,2.0,1.0,0.5338004388718093
1.76,2.0,1.0,0.5338004388718093
1.76,2.0,1.0,0.5338004388718093
1.76,2.0,1.0,0.5338004388718093
1.76,2.0,1.0,0.5338004388718093
1.76,2.0,1.0,0.5338004388718093
1.76,2.0,1.0,0.5338004388718093
1.76,2.0,1.0,0.5338004388718093
1.76,2.0,1.0,0.5338004388718093
1.76,2.0,1.0,0.5338004388718093
1.76,2.0,1.0,0.5338004388718093
1.76,2.0,1.0,0.5338004388718093
1.76,2.0,1.0,0.5338004388718093
1.76,2.0,1.0,0.5338004388718093
1.76,2.0,1.0,0.5338004388718093
1.76,2.0,1.0,0.5338004388718093
1.76,2.0,1.0,0.5338004388718093
1.76,2.0,1.0,0.5338004388718093
1.76,2.0,1.0,0.5338004388718093
1.76,2.0,1.0,0.5338004388718093
1.76,2.0,1.0,0.5338004388718093
1.76,2.0,1.0,0.5338004388718093
1.76,2.0,1.0,0.5338004388718093
1.76,2.0,1.0,0.5338004388718093
1.76,2.0,1.0,0.5338004388718093
1.76,2.0,1.0,0.5338004388718093
1.76,2.0,1.0,0.5338004388718093
1.76,2.0,1.0,0.5338004388718093
1.76,2.0,1.0,0.5338004388718093
1.76,2.0,1.0,0.5338004388718093
1.76,2.0,1.0,0.5338004388718093
1.76,2.0,1.0,0.5338004388718093
1.76,2.0,1.0,0.5338004388718093
1.76,2.0,1.0,0.5338004388718093
1.76,2.0,1.0,0.5338004388718093
1.76,2.0,1.0,0.5338004388718093
1.76,2.0,1.0,0.5338004388718093
1.76,2.0,1.0,0.5338004388718093
1.76,2.0,1.0,0.5338004388718093
1.76,2.0,1.0,0.5338004388718093
1.76,2.0,1.0,0.5338004388718093
1.76,2.0,1.0,0.5338004388718093
1.76,2.0,1.0,0.5338004388718093
1.76,2.0,1.0,0.5338004388718093
1.76,2.0,1.0,0.5338004388718093
1.76,2.0,1.0,0.5338004388718093
1.76,2.0,1.0,0.5338004388718093
1.76,2.0,1.0,0.5338004388718093
1.76,2.0,1.0,0.5338004388718093
1.76,2.0,1.0,0.5338004388718093
1.76,2.0,1.0,0.5338004388718093
1.76,2.0,1.0,0.5338004388718093
1.76,2.0,1.0,0.5338004388718093
1.76,2.0,1.0,0.5338004388718093
1.76,2.0,1.0,0.5338004388718093
1.76,2.0,1.0,0.5338004388718093
1.76,2.0,1.0,0.5338004388718093
1.76,2.0,1.0,0.5338004388718093
1.76,2.0,1.0,0.5338004388718093
1.76,2.0,1.0,0.5338004388718093
1.76,2.0,1.0,0.5338004388718093
1.76,2.0,1.0,0.5338004388718093
1.76,2.0,1.0,0.5338004388718093
1.76,2.0,1.0,0.5338004388718093
1.76,2.0,1.0,0.5338004388718093
1.76,2.0,1.0,0.5338004388718093
1.76,2.0,1.0,0.5338004388718093
1.76,2.0,1.0,0.5338004388718093
1.76,2.0,1.0,0.5338004388718093
1.76,2.0,1.0,0.5338004388718093
1.76,2.0,1.0,0.5338004388718093
1.76,2.0,1.0,0.5338004388718093
1.76,2.0,1.0,0.5338004388718093
1.76,2.0,1.0,0.5338004388718093
1.76,2.0,1.0,0.5338004388718093
1.76,2.0,1.0,0.5338004388718093
1.76,2.0,1.0,0.5338004388718093
1.76,2.0,1.0,0.5338004388718093
1.76,2.0,1.0,0.5338004388718093
1.76,2.0,1.0,0.5338004388718093
1.76,2.0,1.0,0.5338004388718093
1.76,2.0,1.0,0.5338004388718093
1.76,2.0,1.0,0.5338004388718093
1.76,2.0,1.0,0.5338004388718093
1.76,2.0,1.0,0.5338004388718093
1.76,2.0,1.0,0.5338004388718093
1.76,2.0,1.0,0.5338004388718093
1.76,2.0,1.0,0.5338004388718093
1.76,2.0,1.0,0.5338004388718093
1.76,2.0,1.0,0.5338004388718093
1.76,2.0,1.0,0.5338004388718093
1.76,2.0,1.0,0.5338004388718093
1.76,2.0,1.0,0.5338004388718093
1.76,2.0,1.0,0.5338004388718093
1.76,2.0,1.0,0.5338004388718093
1.76,2.0,1.0,0.5338004388718093
1.76,2.0,1.0,0.5338004388718093
1.76,2.0,1.0,0.5338004388718093
1.76,2.0,1.0,0.5338004388718093
1.76,2.0,1.0,0.5338004388718093
1.76,2.0,1.0,0.5338004388718093
1.76,2.0,1.0,0.5338004388718093
1.76,2.0,1.0,0.5338004388718093
1.76,2.0,1.0,0.5338004388718093
1.76,2.0,1.0,0.5338004388718093
1.76,2.0,1.0,0.5338004388718093
1.76,2.0,1.0,0.5338004388718093
1.76,2.0,1.0,0.5338004388718093
1.76,2.0,1.0,0.5338004388718093
1.76,2.0,1.0,0.5338004388718093
1.76,2.0,1.0,0.5338004388718093
1.76,2.0,1.0,0.5338004388718093
1.76,2.0,1.0,0.5338004388718093
1.76,2.0,1.0,0.5338004388718093
1.76,2.0,1.0,0.5338004388718093
1.76,2.0,1.0,0.5338004388718093
1.76,2.0,1.0,0.5338004388718093
1.76,2.0,1.0,0.5338004388718093
1.76,2.0,1.0,0.5338004388718093
1.76,2.0,1.0,0.5338004388718093
1.76,2.0,1.0,0.5338004388718093
1.76,2.0,1.0,0.5338004388718093
1.76,2.0,1.0,0.5338004388718093
1.76,2.0,1.0,0.5338004388718093
1.76,2.0,1.0,0.5338004388718093
1.76,2.0,1.0,0.5338004388718093
1.76,2.0,1.0,0.5338004388718093
1.76,2.0,1.0,0.5338004388718093
1.76,2.0,1.0,0.5338004388718093
1.76,2.0,1.0,0.5338004388718093
1.76,2.0,1.0,0.5338004388718093
1.76,2.0,1.0,0.5338004388718093
1.76,2.0,1.0,0.5338004388718093
1.76,2.0,1.0,0.5338004388718093
1.76,2.0,1.0,0.5338004388718093
1.76,2.0,1.0,0.5338004388718093
2.0,2.0,1.0,0.5356063172452251
2.0,2.0,1.0,0.5356063172452251
2.0,2.0,1.0,0.5356063172452251
2.0,2.0,1.0,0.5356063172452251
2.0,2.0,1.0,0.5356063172452251
2.0,2.0,1.0,0.5356063172452251
2.0,2.0,1.0,0.5356063172452251
2.0,2.0,1.0,0.5356063172452251
2.0,2.0,1.0,0.5356063172452251
2.0,2.0,1.0,0.5356063172452251
2.0,2.0,1.0,0.5356063172452251
2.0,2.0,1.0,0.5356063172452251
2.0,2.0,1.0,0.5356063172452251
2.0,2.0,1.0,0.5356063172452251
2.0,2.0,1.0,0.5356063172452251
2.0,2.0,1.0,0.5356063172452251
2.0,2.0,1.0,0.5356063172452251
2.0,2.0,1.0,0.5356063172452251
2.0,2.0,1.0,0.5356063172452251
2.0,2.0,1.0,0.5356063172452251
2.0,2.0,1.0,0.5356063172452251
2.0,2.0,1.0,0.5356063172452251
2.0,2.0,1.0,0.5356063172452251
2.0,2.0,1.0,0.5356063172452251
2.0,2.0,1.0,0.5356063172452251
2.0,2.0,1.0,0.5356063172452251
2.0,2.0,1.0,0.5356063172452251
2.0,2.0,1.0,0.5356063172452251
2.0,2.0,1.0,0.5356063172452251
2.0,2.0,1.0,0.5356063172452251
2.0,2.0,1.0,0.5356063172452251
2.0,2.0,1.0,0.5356063172452251
2.0,2.0,1.0,0.5356063172452251
2.0,2.0,1.0,0.5356063172452251
2.0,2.0,1.0,0.5356063172452251
2.0,2.0,1.0,0.5356063172452251
2.0,2.0,1.0,0.5356063172452251
2.0,2.0,1.0,0.5356063172452251
2.0,2.0,1.0,0.5356063172452251
2.0,2.0,1.0,0.5356063172452251
2.0,2.0,1.0,0.5356063172452251
2.0,2.0,1.0,0.5356063172452251
2.0,2.0,1.0,0.5356063172452251
2.0,2.0,1.0,0.5356063172452251
2.0,2.0,1.0,0.5356063172452251
2.0,2.0,1.0,0.5356063172452251
2.0,2.0,1.0,0.5356063172452251
2.0,2.0,1.0,0.5356063172452251
2.0,2.0,1.0,0.5356063172452251
2.0,2.0,1.0,0.5356063172452251
2.0,2.0,1.0,0.5356063172452251
2.0,2.0,1.0,0.5356063172452251
2.0,2.0,1.0,0.5356063172452251
2.0,2.0,1.0,0.5356063172452251
2.0,2.0,1.0,0.5356063172452251
2.0,2.0,1.0,0.5356063172452251
2.0,2.0,1.0,0.5356063172452251
2.0,2.0,1.0,0.5356063172452251
2.0,2.0,1.0,0.5356063172452251
2.0,2.0,1.0,0.5356063172452251
2.0,2.0,1.0,0.5356063172452251
2.0,2.0,1.0,0.5356063172452251
2.0,2.0,1.0,0.5356063172452251
2.0,2.0,1.0,0.5356063172452251
2.0,2.0,1.0,0.5356063172452251
2.0,2.0,1.0,0.5356063172452251
2.0,2.0,1.0,0.5356063172452251
2.0,2.0,1.0,0.5356063172452251
2.0,2.0,1.0,0.5356063172452251
2.0,2.0,1.0,0.5356063172452251
2.0,2.0,1.0,0.5356063172452251
2.0,2.0,1.0,0.5356063172452251
2.0,2.0,1.0,0.5356063172452251
2.0,2.0,1.0,0.5356063172452251
2.0,2.0,1.0,0.5356063172452251
2.0,2.0,1.0,0.5356063172452251
2.0,2.0,1.0,0.5356063172452251
2.0,2.0,1.0,0.5356063172452251
2.0,2.0,1.0,0.5356063172452251
2.0,2.0,1.0,0.5356063172452251
2.0,2.0,1.0,0.5356063172452251
2.0,2.0,1.0,0.5356063172452251
2.0,2.0,1.0,0.5356063172452251
2.0,2.0,1.0,0.5356063172452251
2.0,2.0,1.0,0.5356063172452251
2.0,2.0,1.0,0.5356063172452251
2.0,2.0,1.0,0.5356063172452251
2.0,2.0,1.0,0.5356063172452251
2.11,2.0,1.0,0.560358336856617
2.11,2.0,1.0,0.560358336856617
2.11,2.0,1.0,0.560358336856617
2.11,2.0,1.0,0.560358336856617
2.11,2.0,1.0,0.560358336856617
2.11,2.0,1.0,0.560358336856617
2.11,2.0,1.0,0.560358336856617
2.11,2.0,1.0,0.560358336856617
2.11,2.0,1.0,0.560358336856617
2.11,2.0,1.0,0.560358336856617
2.11,2.0,1.0,0.560358336856617
2.11,2.0,1.0,0.560358336856617
2.11,2.0,1.0,0.560358336856617
2.11,2.0,1.0,0.560358336856617
2.11,2.0,1.0,0.560358336856617
2.11,2.0,1.0,0.560358336856617
2.11,2.0,1.0,0.560358336856617
2.11,2.0,1.0,0.560358336856617
2.11,2.0,1.0,0.560358336856617
2.11,2.0,1.0,0.560358336856617
2.11,2.0,1.0,0.560358336856617
2.11,2.0,1.0,0.560358336856617
2.11,2.0,1.0,0.560358336856617
2.11,2.0,1.0,0.560358336856617
2.11,2.0,1.0,0.560358336856617
2.11,2.0,1.0,0.560358336856617
2.11,2.0,1.0,0.560358336856617
2.11,2.0,1.0,0.560358336856617
2.11,2.0,1.0,0.560358336856617
2.11,2.0,1.0,0.560358336856617
2.11,2.0,1.0,0.560358336856617
2.11,2.0,1.0,0.560358336856617
2.11,2.0,1.0,0.560358336856617
2.11,2.0,1.0,0.560358336856617
2.11,2.0,1.0,0.560358336856617
2.11,2.0,1.0,0.560358336856617
2.11,2.0,1.0,0.560358336856617
2.11,2.0,1.0,0.560358336856617
2.11,2.0,1.0,0.560358336856617
2.11,2.0,1.0,0.560358336856617
2.11,2.0,1.0,0.560358336856617
2.11,2.0,1.0,0.560358336856617
2.11,2.0,1.0,0.560358336856617
2.11,2.0,1.0,0.560358336856617
2.11,2.0,1.0,0.560358336856617
2.11,2.0,1.0,0.560358336856617
2.11,2.0,1.0,0.560358336856617
2.11,2.0,1.0,0.560358336856617
2.11,2.0,1.0,0.560358336856617
2.11,2.0,1.0,0.560358336856617
2.11,2.0,1.0,0.560358336856617
2.11,2.0,1.0,0.560358336856617
2.11,2.0,1.0,0.560358336856617
2.11,2.0,1.0,0.560358336856617
2.11,2.0,1.0,0.560358336856617
2.11,2.0,1.0,0.560358336856617
2.11,2.0,1.0,0.560358336856617
2.11,2.0,1.0,0.560358336856617
2.11,2.0,1.0,0.560358336856617
2.11,2.0,1.0,0.560358336856617
2.11,2.0,1.0,0.560358336856617
2.11,2.0,1.0,0.560358336856617
2.11,2.0,1.0,0.560358336856617
2.11,2.0,1.0,0.560358336856617
2.11,2.0,1.0,0.560358336856617
2.11,2.0,1.0,0.560358336856617
2.11,2.0,1.0,0.560358336856617
2.11,2.0,1.0,0.560358336856617
2.11,2.0,1.0,0.560358336856617
2.11,2.0,1.0,0.560358336856617
2.11,2.0,1.0,0.560358336856617
2.11,2.0,1.0,0.560358336856617
2.11,2.0,1.0,0.560358336856617
2.11,2.0,1.0,0.560358336856617
2.11,2.0,1.0,0.560358336856617
2.11,2.0,1.0,0.560358336856617
2.11,2.0,1.0,0.560358336856617
2.11,2.0,1.0,0.560358336856617
2.11,2.0,1.0,0.560358336856617
2.11,2.0,1.0,0.560358336856617
2.11,2.0,1.0,0.560358336856617
2.11,2.0,1.0,0.560358336856617
2.11,2.0,1.0,0.560358336856617
2.11,2.0,1.0,0.560358336856617
2.11,2.0,1.0,0.560358336856617
2.11,2.0,1.0,0.560358336856617
2.11,2.0,1.0,0.560358336856617
2.11,2.0,1.0,0.560358336856617
2.11,2.0,1.0,0.560358336856617
2.11,2.0,1.0,0.560358336856617
2.11,2.0,1.0,0.560358336856617
2.11,2.0,1.0,0.560358336856617
2.11,2.0,1.0,0.560358336856617
2.11,2.0,1.0,0.560358336856617
2.11,2.0,1.0,0.560358336856617
2.11,2.0,1.0,0.560358336856617
2.11,2.0,1.0,0.560358336856617
2.11,2.0,1.0,0.560358336856617
2.11,2.0,1.0,0.560358336856617
2.11,2.0,1.0,0.560358336856617
2.11,2.0,1.0,0.560358336856617
2.11,2.0,1.0,0.560358336856617
2.11,2.0,1.0,0.560358336856617
2.11,2.0,1.0,0.560358336856617
2.11,2.0,1.0,0.560358336856617
2.11,2.0,1.0,0.560358336856617
2.11,2.0,1.0,0.560358336856617
2.11,2.0,1.0,0.560358336856617
2.11,2.0,1.0,0.560358336856617
2.11,2.0,1.0,0.560358336856617
2.11,2.0,1.0,0.560358336856617
2.11,2.0,1.0,0.560358336856617
2.11,2.0,1.0,0.560358336856617
2.11,2.0,1.0,0.560358336856617
2.11,2.0,1.0,0.560358336856617
2.11,2.0,1.0,0.560358336856617
2.11,2.0,1.0,0.560358336856617
2.11,2.0,1.0,0.560358336856617
2.11,2.0,1.0,0.560358336856617
2.11,2.0,1.0,0.560358336856617
2.11,2.0,1.0,0.560358336856617
2.11,2.0,1.0,0.560358336856617
2.11,2.0,1.0,0.560358336856617
2.11,2.0,1.0,0.560358336856617
2.11,2.0,1.0,0.560358336856617
2.11,2.0,1.0,0.560358336856617
2.11,2.0,1.0,0.560358336856617
2.11,2.0,1.0,0.560358336856617
2.11,2.0,1.0,0.560358336856617
2.11,2.0,1.0,0.560358336856617
2.11,2.0,1.0,0.560358336856617
2.11,2.0,1.0,0.560358336856617
2.11,2.0,1.0,0.560358336856617
2.11,2.0,1.0,0.560358336856617
2.11,2.0,1.0,0.560358336856617
2.11,2.0,1.0,0.560358336856617
2.11,2.0,1.0,0.560358336856617
2.11,2.0,1.0,0.560358336856617
2.11,2.0,1.0,0.560358336856617
2.11,2.0,1.0,0.560358336856617
2.11,2.0,1.0,0.560358336856617
2.11,2.0,1.0,0.560358336856617
2.11,2.0,1.0,0.560358336856617
2.11,2.0,1.0,0.560358336856617
2.11,2.0,1.0,0.560358336856617
2.11,2.0,1.0,0.560358336856617
2.11,2.0,1.0,0.560358336856617
2.11,2.0,1.0,0.560358336856617
2.11,2.0,1.0,0.560358336856617
2.11,2.0,1.0,0.560358336856617
2.11,2.0,1.0,0.560358336856617
2.11,2.0,1.0,0.560358336856617
2.11,2.0,1.0,0.560358336856617
2.11,2.0,1.0,0.560358336856617
2.11,2.0,1.0,0.560358336856617
2.11,2.0,1.0,0.560358336856617
2.11,2.0,1.0,0.560358336856617
2.11,2.0,1.0,0.560358336856617
2.11,2.0,1.0,0.560358336856617
2.11,2.0,1.0,0.560358336856617
2.11,2.0,1.0,0.560358336856617
2.11,2.0,1.0,0.560358336856617
2.11,2.0,1.0,0.560358336856617
2.11,2.0,1.0,0.560358336856617
2.11,2.0,1.0,0.560358336856617
2.11,2.0,1.0,0.560358336856617
2.11,2.0,1.0,0.560358336856617
2.11,2.0,1.0,0.560358336856617
2.11,2.0,1.0,0.560358336856617
2.11,2.0,1.0,0.560358336856617
2.11,2.0,1.0,0.560358336856617
2.11,2.0,1.0,0.560358336856617
2.11,2.0,1.0,0.560358336856617
2.11,2.0,1.0,0.560358336856617
2.11,2.0,1.0,0.560358336856617
2.11,2.0,1.0,0.560358336856617
2.11,2.0,1.0,0.560358336856617
2.11,2.0,1.0,0.560358336856617
2.11,2.0,1.0,0.560358336856617
2.11,2.0,1.0,0.560358336856617
2.11,2.0,1.0,0.560358336856617
2.11,2.0,1.0,0.560358336856617
2.11,2.0,1.0,0.560358336856617
2.11,2.0,1.0,0.560358336856617
2.34,2.0,1.0,0.5625852982982691
2.34,2.0,1.0,0.5625852982982691
2.34,2.0,1.0,0.5625852982982691
2.34,2.0,1.0,0.5625852982982691
2.34,2.0,1.0,0.5625852982982691
2.34,2.0,1.0,0.5625852982982691
2.34,2.0,1.0,0.5625852982982691
2.34,2.0,1.0,0.5625852982982691
2.34,2.0,1.0,0.5625852982982691
2.34,2.0,1.0,0.5625852982982691
2.34,2.0,1.0,0.5625852982982691
2.34,2.0,1.0,0.5625852982982691
2.34,2.0,1.0,0.5625852982982691
2.34,2.0,1.0,0.5625852982982691
2.34,2.0,1.0,0.5625852982982691
2.34,2.0,1.0,0.5625852982982691
2.34,2.0,1.0,0.5625852982982691
2.34,2.0,1.0,0.5625852982982691
2.34,2.0,1.0,0.5625852982982691
2.34,2.0,1.0,0.5625852982982691
2.34,2.0,1.0,0.5625852982982691
2.34,2.0,1.0,0.5625852982982691
2.34,2.0,1.0,0.5625852982982691
2.34,2.0,1.0,0.5625852982982691
2.34,2.0,1.0,0.5625852982982691
2.34,2.0,1.0,0.5625852982982691
2.34,2.0,1.0,0.5625852982982691
2.34,2.0,1.0,0.5625852982982691
2.34,2.0,1.0,0.5625852982982691
2.34,2.0,1.0,0.5625852982982691
2.34,2.0,1.0,0.5625852982982691
2.34,2.0,1.0,0.5625852982982691
2.34,2.0,1.0,0.5625852982982691
2.34,2.0,1.0,0.5625852982982691
2.34,2.0,1.0,0.5625852982982691
2.34,2.0,1.0,0.5625852982982691
2.34,2.0,1.0,0.5625852982982691
2.34,2.0,1.0,0.5625852982982691
2.34,2.0,1.0,0.5625852982982691
2.34,2.0,1.0,0.5625852982982691
2.34,2.0,1.0,0.5625852982982691
2.34,2.0,1.0,0.5625852982982691
2.34,2.0,1.0,0.5625852982982691
2.34,2.0,1.0,0.5625852982982691
2.34,2.0,1.0,0.5625852982982691
2.34,2.0,1.0,0.5625852982982691
2.34,2.0,1.0,0.5625852982982691
2.34,2.0,1.0,0.5625852982982691
2.34,2.0,1.0,0.5625852982982691
2.34,2.0,1.0,0.5625852982982691
2.34,2.0,1.0,0.5625852982982691
2.34,2.0,1.0,0.5625852982982691
2.34,2.0,1.0,0.5625852982982691
2.34,2.0,1.0,0.5625852982982691
2.34,2.0,1.0,0.5625852982982691
2.34,2.0,1.0,0.5625852982982691
2.34,2.0,1.0,0.5625852982982691
2.34,2.0,1.0,0.5625852982982691
2.34,2.0,1.0,0.5625852982982691
2.34,2.0,1.0,0.5625852982982691
2.34,2.0,1.0,0.5625852982982691
2.34,2.0,1.0,0.5625852982982691
2.34,2.0,1.0,0.5625852982982691
2.34,2.0,1.0,0.5625852982982691
2.34,2.0,1.0,0.5625852982982691
2.34,2.0,1.0,0.5625852982982691
2.34,2.0,1.0,0.5625852982982691
2.34,2.0,1.0,0.5625852982982691
2.34,2.0,1.0,0.5625852982982691
2.34,2.0,1.0,0.5625852982982691
2.34,2.0,1.0,0.5625852982982691
2.34,2.0,1.0,0.5625852982982691
2.34,2.0,1.0,0.5625852982982691
2.34,2.0,1.0,0.5625852982982691
2.34,2.0,1.0,0.5625852982982691
2.34,2.0,1.0,0.5625852982982691
2.34,2.0,1.0,0.5625852982982691
2.34,2.0,1.0,0.5625852982982691
2.34,2.0,1.0,0.5625852982982691
2.34,2.0,1.0,0.5625852982982691
2.34,2.0,1.0,0.5625852982982691
2.34,2.0,1.0,0.5625852982982691
2.34,2.0,1.0,0.5625852982982691
2.34,2.0,1.0,0.5625852982982691
2.34,2.0,1.0,0.5625852982982691
2.34,2.0,1.0,0.5625852982982691
2.34,2.0,1.0,0.5625852982982691
2.34,2.0,1.0,0.5625852982982691
2.34,2.0,1.0,0.5625852982982691
2.34,2.0,1.0,0.5625852982982691
2.34,2.0,1.0,0.5625852982982691
2.34,2.0,1.0,0.5625852982982691
2.34,2.0,1.0,0.5625852982982691
2.34,2.0,1.0,0.5625852982982691
2.34,2.0,1.0,0.5625852982982691
2.34,2.0,1.0,0.5625852982982691
2.34,2.0,1.0,0.5625852982982691
2.34,2.0,1.0,0.5625852982982691
2.34,2.0,1.0,0.5625852982982691
2.34,2.0,1.0,0.5625852982982691
2.34,2.0,1.0,0.5625852982982691
2.34,2.0,1.0,0.5625852982982691
2.34,2.0,1.0,0.5625852982982691
2.34,2.0,1.0,0.5625852982982691
2.34,2.0,1.0,0.5625852982982691
2.34,2.0,1.0,0.5625852982982691
2.34,2.0,1.0,0.5625852982982691
2.34,2.0,1.0,0.5625852982982691
2.34,2.0,1.0,0.5625852982982691
2.34,2.0,1.0,0.5625852982982691
2.34,2.0,1.0,0.5625852982982691
2.34,2.0,1.0,0.5625852982982691
2.34,2.0,1.0,0.5625852982982691
2.34,2.0,1.0,0.5625852982982691
2.34,2.0,1.0,0.5625852982982691
2.34,2.0,1.0,0.5625852982982691
2.34,2.0,1.0,0.5625852982982691
2.34,2.0,1.0,0.5625852982982691
2.34,2.0,1.0,0.5625852982982691
2.34,2.0,1.0,0.5625852982982691
2.34,2.0,1.0,0.5625852982982691
2.34,2.0,1.0,0.5625852982982691
2.34,2.0,1.0,0.5625852982982691
2.34,2.0,1.0,0.5625852982982691
2.34,2.0,1.0,0.5625852982982691
2.34,2.0,1.0,0.5625852982982691
2.34,2.0,1.0,0.5625852982982691
2.34,2.0,1.0,0.5625852982982691
2.34,2.0,1.0,0.5625852982982691
2.34,2.0,1.0,0.5625852982982691
2.34,2.0,1.0,0.5625852982982691
2.34,2.0,1.0,0.5625852982982691
2.34,2.0,1.0,0.5625852982982691
2.34,2.0,1.0,0.5625852982982691
2.34,2.0,1.0,0.5625852982982691
2.34,2.0,1.0,0.5625852982982691
2.34,2.0,1.0,0.5625852982982691
2.34,2.0,1.0,0.5625852982982691
2.34,2.0,1.0,0.5625852982982691
2.34,2.0,1.0,0.5625852982982691
2.34,2.0,1.0,0.5625852982982691
2.34,2.0,1.0,0.5625852982982691
2.34,2.0,1.0,0.5625852982982691
2.34,2.0,1.0,0.5625852982982691
2.34,2.0,1.0,0.5625852982982691
2.34,2.0,1.0,0.5625852982982691
2.34,2.0,1.0,0.5625852982982691
2.34,2.0,1.0,0.5625852982982691
2.34,2.0,1.0,0.5625852982982691
2.34,2.0,1.0,0.5625852982982691
2.34,2.0,1.0,0.5625852982982691
2.34,2.0,1.0,0.5625852982982691
2.34,2.0,1.0,0.5625852982982691
2.34,2.0,1.0,0.5625852982982691
2.34,2.0,1.0,0.5625852982982691
2.34,2.0,1.0,0.5625852982982691
2.34,2.0,1.0,0.5625852982982691
2.34,2.0,1.0,0.5625852982982691
2.34,2.0,1.0,0.5625852982982691
2.34,2.0,1.0,0.5625852982982691
2.34,2.0,1.0,0.5625852982982691
2.34,2.0,1.0,0.5625852982982691
2.34,2.0,1.0,0.5625852982982691
2.34,2.0,1.0,0.5625852982982691
2.34,2.0,1.0,0.5625852982982691
2.34,2.0,1.0,0.5625852982982691
2.34,2.0,1.0,0.5625852982982691
2.34,2.0,1.0,0.5625852982982691
2.34,2.0,1.0,0.5625852982982691
2.34,2.0,1.0,0.5625852982982691
2.34,2.0,1.0,0.5625852982982691
2.34,2.0,1.0,0.5625852982982691
2.34,2.0,1.0,0.5625852982982691
2.34,2.0,1.0,0.5625852982982691
2.34,2.0,1.0,0.5625852982982691
2.34,2.0,1.0,0.5625852982982691
2.34,2.0,1.0,0.5625852982982691
2.34,2.0,1.0,0.5625852982982691
2.34,2.0,1.0,0.5625852982982691
2.34,2.0,1.0,0.5625852982982691
2.34,2.0,1.0,0.5625852982982691
2.34,2.0,1.0,0.5625852982982691
2.34,2.0,1.0,0.5625852982982691
2.34,2.0,1.0,0.5625852982982691
2.34,2.0,1.0,0.5625852982982691
2.34,2.0,1.0,0.5625852982982691
2.34,2.0,1.0,0.5625852982982691
2.34,2.0,1.0,0.5625852982982691
2.34,2.0,1.0,0.5625852982982691
2.34,2.0,1.0,0.5625852982982691
2.34,2.0,1.0,0.5625852982982691
2.34,2.0,1.0,0.5625852982982691
2.34,2.0,1.0,0.5625852982982691
2.34,2.0,1.0,0.5625852982982691
2.34,2.0,1.0,0.5625852982982691
2.34,2.0,1.0,0.5625852982982691
2.34,2.0,1.0,0.5625852982982691
2.34,2.0,1.0,0.5625852982982691
2.34,2.0,1.0,0.5625852982982691
2.34,2.0,1.0,0.5625852982982691
2.34,2.0,1.0,0.5625852982982691
2.34,2.0,1.0,0.5625852982982691
2.34,2.0,1.0,0.5625852982982691
2.34,2.0,1.0,0.5625852982982691
2.34,2.0,1.0,0.5625852982982691
2.34,2.0,1.0,0.5625852982982691
2.34,2.0,1.0,0.5625852982982691
2.34,2.0,1.0,0.5625852982982691
2.34,2.0,1.0,0.5625852982982691
2.34,2.0,1.0,0.5625852982982691
2.34,2.0,1.0,0.5625852982982691
2.34,2.0,1.0,0.5625852982982691
2.34,2.0,1.0,0.5625852982982691
2.34,2.0,1.0,0.5625852982982691
2.34,2.0,1.0,0.5625852982982691
2.34,2.0,1.0,0.5625852982982691
2.34,2.0,1.0,0.5625852982982691
2.34,2.0,1.0,0.5625852982982691
2.34,2.0,1.0,0.5625852982982691
2.34,2.0,1.0,0.5625852982982691
2.34,2.0,1.0,0.5625852982982691
2.34,2.0,1.0,0.5625852982982691
2.34,2.0,1.0,0.5625852982982691
2.34,2.0,1.0,0.5625852982982691
2.34,2.0,1.0,0.5625852982982691
2.34,2.0,1.0,0.5625852982982691
2.34,2.0,1.0,0.5625852982982691
2.34,2.0,1.0,0.5625852982982691
2.34,2.0,1.0,0.5625852982982691
2.34,2.0,1.0,0.5625852982982691
2.34,2.0,1.0,0.5625852982982691
2.34,2.0,1.0,0.5625852982982691
2.34,2.0,1.0,0.5625852982982691
2.34,2.0,1.0,0.5625852982982691
2.34,2.0,1.0,0.5625852982982691
2.34,2.0,1.0,0.5625852982982691
2.34,2.0,1.0,0.5625852982982691
2.34,2.0,1.0,0.5625852982982691
2.34,2.0,1.0,0.5625852982982691
2.34,2.0,1.0,0.5625852982982691
2.34,2.0,1.0,0.5625852982982691
2.34,2.0,1.0,0.5625852982982691
2.34,2.0,1.0,0.5625852982982691
2.34,2.0,1.0,0.5625852982982691
2.34,2.0,1.0,0.5625852982982691
2.34,2.0,1.0,0.5625852982982691
2.34,2.0,1.0,0.5625852982982691
2.34,2.0,1.0,0.5625852982982691
2.34,2.0,1.0,0.5625852982982691
2.34,2.0,1.0,0.5625852982982691
2.34,2.0,1.0,0.5625852982982691
2.34,2.0,1.0,0.5625852982982691
2.34,2.0,1.0,0.5625852982982691
2.34,2.0,1.0,0.5625852982982691
2.34,2.0,1.0,0.5625852982982691
2.34,2.0,1.0,0.5625852982982691
2.34,2.0,1.0,0.5625852982982691
2.34,2.0,1.0,0.5625852982982691
2.34,2.0,1.0,0.5625852982982691
2.34,2.0,1.0,0.5625852982982691
2.34,2.0,1.0,0.5625852982982691
2.34,2.0,1.0,0.5625852982982691
2.34,2.0,1.0,0.5625852982982691
2.34,2.0,1.0,0.5625852982982691
2.34,2.0,1.0,0.5625852982982691
2.34,2.0,1.0,0.5625852982982691
2.34,2.0,1.0,0.5625852982982691
2.34,2.0,1.0,0.5625852982982691
2.34,2.0,1.0,0.5625852982982691
2.34,2.0,1.0,0.5625852982982691
2.34,2.0,1.0,0.5625852982982691
2.34,2.0,1.0,0.5625852982982691
2.34,2.0,1.0,0.5625852982982691
2.34,2.0,1.0,0.5625852982982691
2.34,2.0,1.0,0.5625852982982691
2.34,2.0,1.0,0.5625852982982691
2.34,2.0,1.0,0.5625852982982691
2.34,2.0,1.0,0.5625852982982691
2.34,2.0,1.0,0.5625852982982691
2.34,2.0,1.0,0.5625852982982691
2.34,2.0,1.0,0.5625852982982691
2.34,2.0,1.0,0.5625852982982691
2.34,2.0,1.0,0.5625852982982691
2.34,2.0,1.0,0.5625852982982691
2.34,2.0,1.0,0.5625852982982691
2.34,2.0,1.0,0.5625852982982691
2.34,2.0,1.0,0.5625852982982691
2.34,2.0,1.0,0.5625852982982691
2.34,2.0,1.0,0.5625852982982691
2.34,2.0,1.0,0.5625852982982691
2.34,2.0,1.0,0.5625852982982691
2.34,2.0,1.0,0.5625852982982691
2.34,2.0,1.0,0.5625852982982691
2.34,2.0,1.0,0.5625852982982691
2.34,2.0,1.0,0.5625852982982691
2.34,2.0,1.0,0.5625852982982691
2.34,2.0,1.0,0.5625852982982691
2.34,2.0,1.0,0.5625852982982691
2.34,2.0,1.0,0.5625852982982691
2.34,2.0,1.0,0.5625852982982691
2.34,2.0,1.0,0.5625852982982691
2.34,2.0,1.0,0.5625852982982691
2.34,2.0,1.0,0.5625852982982691
2.34,2.0,1.0,0.5625852982982691
2.34,2.0,1.0,0.5625852982982691
2.34,2.0,1.0,0.5625852982982691
2.34,2.0,1.0,0.5625852982982691
2.34,2.0,1.0,0.5625852982982691
2.34,2.0,1.0,0.5625852982982691
2.34,2.0,1.0,0.5625852982982691
2.34,2.0,1.0,0.5625852982982691
2.34,2.0,1.0,0.5625852982982691
2.34,2.0,1.0,0.5625852982982691
2.34,2.0,1.0,0.5625852982982691
2.34,2.0,1.0,0.5625852982982691
2.34,2.0,1.0,0.5625852982982691
2.34,2.0,1.0,0.5625852982982691
2.34,2.0,1.0,0.5625852982982691
2.34,2.0,1.0,0.5625852982982691
2.34,2.0,1.0,0.5625852982982691
2.34,2.0,1.0,0.5625852982982691
2.34,2.0,1.0,0.5625852982982691
2.34,2.0,1.0,0.5625852982982691
2.34,2.0,1.0,0.5625852982982691
2.34,2.0,1.0,0.5625852982982691
2.34,2.0,1.0,0.5625852982982691
2.34,2.0,1.0,0.5625852982982691
2.34,2.0,1.0,0.5625852982982691
2.34,2.0,1.0,0.5625852982982691
2.34,2.0,1.0,0.5625852982982691
2.34,2.0,1.0,0.5625852982982691
2.34,2.0,1.0,0.5625852982982691
2.34,2.0,1.0,0.5625852982982691
2.34,2.0,1.0,0.5625852982982691
2.34,2.0,1.0,0.5625852982982691
2.34,2.0,1.0,0.5625852982982691
2.34,2.0,1.0,0.5625852982982691
2.34,2.0,1.0,0.5625852982982691
2.34,2.0,1.0,0.5625852982982691
2.34,2.0,1.0,0.5625852982982691
2.34,2.0,1.0,0.5625852982982691
2.34,2.0,1.0,0.5625852982982691
2.34,2.0,1.0,0.5625852982982691
2.34,2.0,1.0,0.5625852982982691
2.34,2.0,1.0,0.5625852982982691
2.34,2.0,1.0,0.5625852982982691
2.34,2.0,1.0,0.5625852982982691
2.34,2.0,1.0,0.5625852982982691
2.34,2.0,1.0,0.5625852982982691
2.34,2.0,1.0,0.5625852982982691
2.34,2.0,1.0,0.5625852982982691
2.34,2.0,1.0,0.5625852982982691
2.34,2.0,1.0,0.5625852982982691
2.34,2.0,1.0,0.5625852982982691
2.34,2.0,1.0,0.5625852982982691
2.34,2.0,1.0,0.5625852982982691
2.34,2.0,1.0,0.5625852982982691
2.34,2.0,1.0,0.5625852982982691
2.34,2.0,1.0,0.5625852982982691
2.34,2.0,1.0,0.5625852982982691
2.34,2.0,1.0,0.5625852982982691
2.34,2.0,1.0,0.5625852982982691
2.34,2.0,1.0,0.5625852982982691
2.34,2.0,1.0,0.5625852982982691
2.34,2.0,1.0,0.5625852982982691
2.34,2.0,1.0,0.5625852982982691
2.34,2.0,1.0,0.5625852982982691
2.34,2.0,1.0,0.5625852982982691
2.34,2.0,1.0,0.5625852982982691
2.34,2.0,1.0,0.5625852982982691
2.34,2.0,1.0,0.5625852982982691
2.34,2.0,1.0,0.5625852982982691
2.34,2.0,1.0,0.5625852982982691
2.34,2.0,1.0,0.5625852982982691
2.34,2.0,1.0,0.5625852982982691
2.34,2.0,1.0,0.5625852982982691
2.34,2.0,1.0,0.5625852982982691
2.34,2.0,1.0,0.5625852982982691
2.34,2.0,1.0,0.5625852982982691
2.34,2.0,1.0,0.5625852982982691
2.34,2.0,1.0,0.5625852982982691
2.34,2.0,1.0,0.5625852982982691
2.34,2.0,1.0,0.5625852982982691
2.34,2.0,1.0,0.5625852982982691
2.34,2.0,1.0,0.5625852982982691
2.34,2.0,1.0,0.5625852982982691
2.34,2.0,1.0,0.5625852982982691
2.34,2.0,1.0,0.5625852982982691
2.34,2.0,1.0,0.5625852982982691
2.34,2.0,1.0,0.5625852982982691
2.34,2.0,1.0,0.5625852982982691
2.34,2.0,1.0,0.5625852982982691
2.34,2.0,1.0,0.5625852982982691
2.34,2.0,1.0,0.5625852982982691
2.34,2.0,1.0,0.5625852982982691
2.34,2.0,1.0,0.5625852982982691
2.34,2.0,1.0,0.5625852982982691
2.34,2.0,1.0,0.5625852982982691
2.34,2.0,1.0,0.5625852982982691
2.34,2.0,1.0,0.5625852982982691
2.34,2.0,1.0,0.5625852982982691
2.34,2.0,1.0,0.5625852982982691
2.34,2.0,1.0,0.5625852982982691
2.34,2.0,1.0,0.5625852982982691
2.34,2.0,1.0,0.5625852982982691
2.34,2.0,1.0,0.5625852982982691
2.34,2.0,1.0,0.5625852982982691
2.34,2.0,1.0,0.5625852982982691
2.34,2.0,1.0,0.5625852982982691
2.34,2.0,1.0,0.5625852982982691
2.34,2.0,1.0,0.5625852982982691
2.34,2.0,1.0,0.5625852982982691
2.34,2.0,1.0,0.5625852982982691
2.34,2.0,1.0,0.5625852982982691
2.34,2.0,1.0,0.5625852982982691
2.34,2.0,1.0,0.5625852982982691
2.34,2.0,1.0,0.5625852982982691
2.34,2.0,1.0,0.5625852982982691
2.34,2.0,1.0,0.5625852982982691
2.34,2.0,1.0,0.5625852982982691
2.34,2.0,1.0,0.5625852982982691
2.34,2.0,1.0,0.5625852982982691
2.34,2.0,1.0,0.5625852982982691
2.34,2.0,1.0,0.5625852982982691
2.34,2.0,1.0,0.5625852982982691
2.34,2.0,1.0,0.5625852982982691
2.34,2.0,1.0,0.5625852982982691
2.34,2.0,1.0,0.5625852982982691
2.34,2.0,1.0,0.5625852982982691
2.34,2.0,1.0,0.5625852982982691
2.34,2.0,1.0,0.5625852982982691
2.34,2.0,1.0,0.5625852982982691
2.34,2.0,1.0,0.5625852982982691
2.34,2.0,1.0,0.5625852982982691
2.34,2.0,1.0,0.5625852982982691
2.34,2.0,1.0,0.5625852982982691
2.34,2.0,1.0,0.5625852982982691
2.34,2.0,1.0,0.5625852982982691
2.34,2.0,1.0,0.5625852982982691
2.34,2.0,1.0,0.5625852982982691
2.34,2.0,1.0,0.5625852982982691
2.34,2.0,1.0,0.5625852982982691
2.34,2.0,1.0,0.5625852982982691
2.34,2.0,1.0,0.5625852982982691
2.34,2.0,1.0,0.5625852982982691
2.34,2.0,1.0,0.5625852982982691
2.34,2.0,1.0,0.5625852982982691
2.34,2.0,1.0,0.5625852982982691
2.34,2.0,1.0,0.5625852982982691
2.34,2.0,1.0,0.5625852982982691
2.34,2.0,1.0,0.5625852982982691
2.34,2.0,1.0,0.5625852982982691
2.34,2.0,1.0,0.5625852982982691
2.34,2.0,1.0,0.5625852982982691
2.34,2.0,1.0,0.5625852982982691
2.34,2.0,1.0,0.5625852982982691
2.34,2.0,1.0,0.5625852982982691
2.34,2.0,1.0,0.5625852982982691
2.34,2.0,1.0,0.5625852982982691
2.34,2.0,1.0,0.5625852982982691
2.34,2.0,1.0,0.5625852982982691
2.34,2.0,1.0,0.5625852982982691
2.34,2.0,1.0,0.5625852982982691
2.34,2.0,1.0,0.5625852982982691
2.34,2.0,1.0,0.5625852982982691
2.34,2.0,1.0,0.5625852982982691
2.34,2.0,1.0,0.5625852982982691
2.34,2.0,1.0,0.5625852982982691
2.34,2.0,1.0,0.5625852982982691
2.34,2.0,1.0,0.5625852982982691
2.34,2.0,1.0,0.5625852982982691
2.34,2.0,1.0,0.5625852982982691
2.34,2.0,1.0,0.5625852982982691
2.34,2.0,1.0,0.5625852982982691
2.34,2.0,1.0,0.5625852982982691
2.34,2.0,1.0,0.5625852982982691
2.34,2.0,1.0,0.5625852982982691
2.34,2.0,1.0,0.5625852982982691
2.34,2.0,1.0,0.5625852982982691
2.34,2.0,1.0,0.5625852982982691
2.34,2.0,1.0,0.5625852982982691
2.34,2.0,1.0,0.5625852982982691
2.34,2.0,1.0,0.5625852982982691
2.34,2.0,1.0,0.5625852982982691
2.34,2.0,1.0,0.5625852982982691
2.34,2.0,1.0,0.5625852982982691
2.34,2.0,1.0,0.5625852982982691
2.34,2.0,1.0,0.5625852982982691
2.34,2.0,1.0,0.5625852982982691
2.34,2.0,1.0,0.5625852982982691
2.34,2.0,1.0,0.5625852982982691
2.34,2.0,1.0,0.5625852982982691
2.34,2.0,1.0,0.5625852982982691
2.34,2.0,1.0,0.5625852982982691
2.34,2.0,1.0,0.5625852982982691
2.34,2.0,1.0,0.5625852982982691
2.34,2.0,1.0,0.5625852982982691
2.34,2.0,1.0,0.5625852982982691
2.34,2.0,1.0,0.5625852982982691
2.34,2.0,1.0,0.5625852982982691
2.34,2.0,1.0,0.5625852982982691
2.34,2.0,1.0,0.5625852982982691
2.34,2.0,1.0,0.5625852982982691
2.34,2.0,1.0,0.5625852982982691
2.34,2.0,1.0,0.5625852982982691
2.34,2.0,1.0,0.5625852982982691
2.34,2.0,1.0,0.5625852982982691
2.34,2.0,1.0,0.5625852982982691
2.34,2.0,1.0,0.5625852982982691
2.34,2.0,1.0,0.5625852982982691
2.34,2.0,1.0,0.5625852982982691
2.34,2.0,1.0,0.5625852982982691
2.34,2.0,1.0,0.5625852982982691
2.34,2.0,1.0,0.5625852982982691
2.34,2.0,1.0,0.5625852982982691
2.34,2.0,1.0,0.5625852982982691
2.34,2.0,1.0,0.5625852982982691
2.34,2.0,1.0,0.5625852982982691
2.34,2.0,1.0,0.5625852982982691
2.34,2.0,1.0,0.5625852982982691
